state,year,gini_index
Arizona,2021,0.4629
Arizona,2022,0.4665
Arizona,2023,0.465
California,2021,0.4924
California,2022,0.4953
California,2023,0.487
Hawaii,2021,0.4552
Hawaii,2022,0.4574
Hawaii,2023,0.4512
Idaho,2021,0.4577
Idaho,2022,0.4434
Idaho,2023,0.4404
Indiana,2021,0.448
Indiana,2022,0.4561
Indiana,2023,0.4536
Louisiana,2021,0.4988
Louisiana,2022,0.4915
Louisiana,2023,0.4967
Minnesota,2021,0.4493
Minnesota,2022,0.456
Minnesota,2023,0.4541
Mississippi,2021,0.4808
Mississippi,2022,0.4806
Mississippi,2023,0.4843
Nebraska,2021,0.456
Nebraska,2022,0.461
Nebraska,2023,0.4634
Nevada,2021,0.4726
Nevada,2022,0.4685
Nevada,2023,0.4632
New Jersey,2021,0.4853
New Jersey,2022,0.4815
New Jersey,2023,0.4794
New York,2021,0.514
New York,2022,0.5208
New York,2023,0.5157
Pennsylvania,2021,0.472
Pennsylvania,2022,0.4778
Pennsylvania,2023,0.4774
Washington,2021,0.4704
Washington,2022,0.4742
Washington,2023,0.4703
Arizona,2020,0.4648
Arizona,2016,0.4713
Arizona,2017,0.4668
Arizona,2018,0.4613
Arizona,2019,0.4591
California,2016,0.4899
California,2017,0.4866
California,2018,0.4912
California,2019,0.4866
Hawaii,2016,0.442
Hawaii,2017,0.4455
Hawaii,2018,0.445
Hawaii,2019,0.4397
Idaho,2016,0.4503
Idaho,2017,0.4478
Idaho,2018,0.4454
Idaho,2019,0.4337
Indiana,2016,0.4527
Indiana,2017,0.4497
Indiana,2018,0.4511
Indiana,2019,0.4584
Louisiana,2016,0.499
Louisiana,2017,0.4935
Louisiana,2018,0.4936
Louisiana,2019,0.4978
Minnesota,2016,0.4496
Minnesota,2017,0.4516
Minnesota,2018,0.4536
Minnesota,2019,0.4434
Mississippi,2016,0.4828
Mississippi,2017,0.479
Mississippi,2018,0.4828
Mississippi,2019,0.4896
Nebraska,2016,0.4477
Nebraska,2017,0.4391
Nebraska,2018,0.4488
Nebraska,2019,0.44
Nevada,2016,0.4577
Nevada,2017,0.4606
Nevada,2018,0.469
Nevada,2019,0.471
New Jersey,2016,0.4813
New Jersey,2017,0.4794
New Jersey,2018,0.4836
New Jersey,2019,0.4782
New York,2016,0.5129
New York,2017,0.5157
New York,2018,0.513
New York,2019,0.5149
Pennsylvania,2016,0.4689
Pennsylvania,2017,0.4777
Pennsylvania,2018,0.4747
Pennsylvania,2019,0.4745
Washington,2016,0.4591
Washington,2017,0.4561
Washington,2018,0.4574
Washington,2019,0.4577