state,year,median_household_income
Arizona,2020,78480
California,2020,90840
Hawaii,2020,94560
Idaho,2020,78060
Indiana,2020,78150
Louisiana,2020,59880
Minnesota,2020,92130
Mississippi,2020,52800
Nebraska,2020,84520
New Jersey,2020,100100
Nevada,2020,71550
New York,2020,80320
Pennsylvania,2020,82810
Washington,2020,95180
Arizona,2021,79310
California,2021,91350
Hawaii,2021,92050
Idaho,2021,86130
Indiana,2021,78600
Louisiana,2021,64060
Minnesota,2021,90080
Mississippi,2021,52230
Nebraska,2021,87470
New Jersey,2021,99170
Nevada,2021,72050
New York,2021,81660
Pennsylvania,2021,81330
Washington,2021,98150
Arizona,2022,76370
California,2022,88690
Hawaii,2022,94620
Idaho,2022,75460
Indiana,2022,72810
Louisiana,2022,60640
Minnesota,2022,93980
Mississippi,2022,50540
Nebraska,2022,81480
New Jersey,2022,96010
Nevada,2022,75200
New York,2022,78920
Pennsylvania,2022,75070
Washington,2022,92980
Arizona,2023,82660
California,2023,89870
Hawaii,2023,97360
Idaho,2023,73910
Indiana,2023,76910
Louisiana,2023,57650
Minnesota,2023,90340
Mississippi,2023,55060
Nebraska,2023,89190
New Jersey,2023,91590
Nevada,2023,81310
New York,2023,81600
Pennsylvania,2023,79820
Washington,2023,93440
Arizona,2016,71100
California,2016,82980
Hawaii,2016,89820
Idaho,2016,70440
Indiana,2016,69850
Louisiana,2016,52540
Minnesota,2016,87440
Mississippi,2016,51180
Nebraska,2016,73930
New Jersey,2016,85260
Nevada,2016,69020
New York,2016,76500
Pennsylvania,2016,75930
Washington,2016,87550
Arizona,2017,73060
California,2017,85710
Hawaii,2017,90070
Idaho,2017,72810
Indiana,2017,71920
Louisiana,2017,53310
Minnesota,2017,85630
Mississippi,2017,52960
Nebraska,2017,72910
New Jersey,2017,87180
Nevada,2017,71030
New York,2017,75310
Pennsylvania,2017,75000
Washington,2017,87550
Arizona,2018,74710
California,2018,84560
Hawaii,2018,96100
Idaho,2018,70450
Indiana,2018,71850
Louisiana,2018,59950
Minnesota,2018,86150
Mississippi,2018,51320
Nebraska,2018,81060
New Jersey,2018,88980
Nevada,2018,74210
New York,2018,80700
Pennsylvania,2018,77400
Washington,2018,95640
Arizona,2019,83540
California,2019,92330
Hawaii,2019,104000
Idaho,2019,78000
Indiana,2019,78840
Louisiana,2019,61120
Minnesota,2019,96250
Mississippi,2019,52940
Nebraska,2019,86370
New Jersey,2019,103700
Nevada,2019,83820
New York,2019,84940
Pennsylvania,2019,83430
Washington,2019,97470