state,year,share_white_poverty
Arizona,2023,0.093
California,2023,0.092
Hawaii,2023,0.117
Idaho,2023,0.092
Indiana,2023,0.096
Louisiana,2023,0.13
Minnesota,2023,0.071
Mississippi,2023,0.116
Nebraska,2023,0.084
Nevada,2023,0.095
New Jersey,2023,0.067
New York,2023,0.101
Pennsylvania,2023,0.092
Washington,2023,0.088
Arizona,2022,0.091
California,2022,0.091
Hawaii,2022,0.107
Idaho,2022,0.09
Indiana,2022,0.103
Louisiana,2022,0.129
Minnesota,2022,0.07
Mississippi,2022,0.118
Nebraska,2022,0.087
Nevada,2022,0.101
New Jersey,2022,0.065
New York,2022,0.098
Pennsylvania,2022,0.087
Washington,2022,0.086
Arizona,2021,0.089
California,2021,0.09
Hawaii,2021,0.118
Idaho,2021,0.101
Indiana,2021,0.101
Louisiana,2021,0.123
Minnesota,2021,0.074
Mississippi,2021,0.115
Nebraska,2021,0.081
Nevada,2021,0.111
New Jersey,2021,0.066
New York,2021,0.095
Pennsylvania,2021,0.09
Washington,2021,0.085
Arizona,2020,0.091
Arizona,2016,0.11
California,2016,0.096
Hawaii,2016,0.082
Idaho,2016,0.127
Indiana,2016,0.111
Louisiana,2016,0.126
Minnesota,2016,0.071
Mississippi,2016,0.129
Nebraska,2016,0.087
Nevada,2016,0.095
New Jersey,2016,0.064
New York,2016,0.096
Pennsylvania,2016,0.093
Washington,2016,0.092
Arizona,2017,0.101
California,2017,0.089
Hawaii,2017,0.102
Idaho,2017,0.119
Indiana,2017,0.11
Louisiana,2017,0.122
Minnesota,2017,0.07
Mississippi,2017,0.119
Nebraska,2017,0.077
Nevada,2017,0.091
New Jersey,2017,0.056
New York,2017,0.093
Pennsylvania,2017,0.091
Washington,2017,0.088
Arizona,2018,0.09
California,2018,0.09
Hawaii,2018,0.096
Idaho,2018,0.104
Indiana,2018,0.104
Louisiana,2018,0.121
Minnesota,2018,0.072
Mississippi,2018,0.123
Nebraska,2018,0.087
Nevada,2018,0.092
New Jersey,2018,0.053
New York,2018,0.091
Pennsylvania,2018,0.088
Washington,2018,0.083
Arizona,2019,0.092
California,2019,0.084
Hawaii,2019,0.101
Idaho,2019,0.096
Indiana,2019,0.1
Louisiana,2019,0.125
Minnesota,2019,0.066
Mississippi,2019,0.117
Nebraska,2019,0.081
Nevada,2019,0.099
New Jersey,2019,0.056
New York,2019,0.091
Pennsylvania,2019,0.087
Washington,2019,0.081