state,year,share_non_citizens
Arizona,2023,0.068
California,2023,0.124
Hawaii,2023,0.066
Idaho,2023,0.029
Indiana,2023,0.037
Louisiana,2023,0.028
Minnesota,2023,0.035
Mississippi,2023,0.016
Nebraska,2023,0.046
Nevada,2023,0.09
New Jersey,2023,0.108
New York,2023,0.094
Pennsylvania,2023,0.036
Washington,2023,0.08
Arizona,2022,0.066
California,2022,0.123
Hawaii,2022,0.07
Idaho,2022,0.032
Indiana,2022,0.034
Louisiana,2022,0.022
Minnesota,2022,0.033
Mississippi,2022,0.012
Nebraska,2022,0.039
Nevada,2022,0.089
New Jersey,2022,0.098
New York,2022,0.09
Pennsylvania,2022,0.033
Washington,2022,0.079
Arizona,2021,0.064
California,2021,0.122
Hawaii,2021,0.07
Idaho,2021,0.032
Indiana,2021,0.031
Louisiana,2021,0.024
Minnesota,2021,0.037
Mississippi,2021,0.011
Nebraska,2021,0.04
Nevada,2021,0.086
New Jersey,2021,0.101
New York,2021,0.088
Pennsylvania,2021,0.033
Washington,2021,0.076
Arizona,2020,0.066
Arizona,2016,0.078
California,2016,0.136
Hawaii,2016,0.082
Idaho,2016,0.035
Indiana,2016,0.031
Louisiana,2016,0.024
Minnesota,2016,0.039
Mississippi,2016,0.011
Nebraska,2016,0.049
Nevada,2016,0.106
New Jersey,2016,0.102
New York,2016,0.104
Pennsylvania,2016,0.032
Washington,2016,0.075
Arizona,2017,0.076
California,2017,0.131
Hawaii,2017,0.074
Idaho,2017,0.032
Indiana,2017,0.032
Louisiana,2017,0.024
Minnesota,2017,0.04
Mississippi,2017,0.01
Nebraska,2017,0.046
Nevada,2017,0.102
New Jersey,2017,0.102
New York,2017,0.1
Pennsylvania,2017,0.032
Washington,2017,0.076
Arizona,2018,0.074
California,2018,0.128
Hawaii,2018,0.08
Idaho,2018,0.034
Indiana,2018,0.032
Louisiana,2018,0.024
Minnesota,2018,0.04
Mississippi,2018,0.015
Nebraska,2018,0.044
Nevada,2018,0.097
New Jersey,2018,0.095
New York,2018,0.096
Pennsylvania,2018,0.033
Washington,2018,0.076
Arizona,2019,0.074
California,2019,0.125
Hawaii,2019,0.077
Idaho,2019,0.03
Indiana,2019,0.032
Louisiana,2019,0.023
Minnesota,2019,0.034
Mississippi,2019,0.011
Nebraska,2019,0.045
Nevada,2019,0.101
New Jersey,2019,0.098
New York,2019,0.092
Pennsylvania,2019,0.031
Washington,2019,0.079