"state_abbrev","year","month","cum_total_cases","monthly_new_cases","state"
"AK",2020,"Jan",0,0,"Alaska"
"AK",2020,"Feb",0,0,"Alaska"
"AK",2020,"Mar",63,63,"Alaska"
"AK",2020,"Apr",355,292,"Alaska"
"AK",2020,"May",427,72,"Alaska"
"AK",2020,"Jun",821,394,"Alaska"
"AK",2020,"Jul",2886,2065,"Alaska"
"AK",2020,"Aug",5001,2115,"Alaska"
"AK",2020,"Sep",7193,2192,"Alaska"
"AK",2020,"Oct",14539,7346,"Alaska"
"AK",2020,"Nov",29292,14753,"Alaska"
"AK",2020,"Dec",45802,16510,"Alaska"
"AK",2021,"Jan",52359,6557,"Alaska"
"AK",2021,"Feb",55986,3627,"Alaska"
"AK",2021,"Mar",59630,3644,"Alaska"
"AK",2021,"Apr",65325,5695,"Alaska"
"AK",2021,"May",67371,2046,"Alaska"
"AK",2021,"Jun",68178,807,"Alaska"
"AK",2021,"Jul",72065,3887,"Alaska"
"AK",2021,"Aug",82427,10362,"Alaska"
"AK",2021,"Sep",109923,27496,"Alaska"
"AK",2021,"Oct",131999,22076,"Alaska"
"AK",2021,"Nov",144792,12793,"Alaska"
"AK",2021,"Dec",152363,7571,"Alaska"
"AK",2022,"Jan",202626,50263,"Alaska"
"AK",2022,"Feb",230807,28181,"Alaska"
"AK",2022,"Mar",239613,8806,"Alaska"
"AK",2022,"Apr",245165,5552,"Alaska"
"AK",2022,"May",251699,6534,"Alaska"
"AK",2022,"Jun",262585,10886,"Alaska"
"AK",2022,"Jul",271101,8516,"Alaska"
"AK",2022,"Aug",278680,7579,"Alaska"
"AK",2022,"Sep",282911,4231,"Alaska"
"AK",2022,"Oct",284785,1874,"Alaska"
"AK",2022,"Nov",286163,1378,"Alaska"
"AK",2022,"Dec",288123,1960,"Alaska"
"AK",2023,"Jan",290267,2144,"Alaska"
"AK",2023,"Feb",293313,3046,"Alaska"
"AK",2023,"Mar",295801,2488,"Alaska"
"AK",2023,"Apr",297201,1400,"Alaska"
"AK",2023,"May",297588,387,"Alaska"
"AL",2020,"Jan",0,0,"Alabama"
"AL",2020,"Feb",0,0,"Alabama"
"AL",2020,"Mar",472,472,"Alabama"
"AL",2020,"Apr",6979,6507,"Alabama"
"AL",2020,"May",16263,9284,"Alabama"
"AL",2020,"Jun",32878,16615,"Alabama"
"AL",2020,"Jul",84652,51774,"Alabama"
"AL",2020,"Aug",119904,35252,"Alabama"
"AL",2020,"Sep",146897,26993,"Alabama"
"AL",2020,"Oct",188775,41878,"Alabama"
"AL",2020,"Nov",239318,50543,"Alabama"
"AL",2020,"Dec",356820,117502,"Alabama"
"AL",2021,"Jan",449087,92267,"Alabama"
"AL",2021,"Feb",490165,41078,"Alabama"
"AL",2021,"Mar",512669,22504,"Alabama"
"AL",2021,"Apr",527085,14416,"Alabama"
"AL",2021,"May",542828,15743,"Alabama"
"AL",2021,"Jun",549396,6568,"Alabama"
"AL",2021,"Jul",577463,28067,"Alabama"
"AL",2021,"Aug",665653,88190,"Alabama"
"AL",2021,"Sep",794773,129120,"Alabama"
"AL",2021,"Oct",828643,33870,"Alabama"
"AL",2021,"Nov",844206,15563,"Alabama"
"AL",2021,"Dec",880307,36101,"Alabama"
"AL",2022,"Jan",1161930,281623,"Alabama"
"AL",2022,"Feb",1275357,113427,"Alabama"
"AL",2022,"Mar",1295015,19658,"Alabama"
"AL",2022,"Apr",1300274,5259,"Alabama"
"AL",2022,"May",1310521,10247,"Alabama"
"AL",2022,"Jun",1355340,44819,"Alabama"
"AL",2022,"Jul",1419075,63735,"Alabama"
"AL",2022,"Aug",1463933,44858,"Alabama"
"AL",2022,"Sep",1517904,53971,"Alabama"
"AL",2022,"Oct",1531305,13401,"Alabama"
"AL",2022,"Nov",1545099,13794,"Alabama"
"AL",2022,"Dec",1573637,28538,"Alabama"
"AL",2023,"Jan",1610535,36898,"Alabama"
"AL",2023,"Feb",1638348,27813,"Alabama"
"AL",2023,"Mar",1650449,12101,"Alabama"
"AL",2023,"Apr",1657175,6726,"Alabama"
"AL",2023,"May",1659936,2761,"Alabama"
"AR",2020,"Jan",0,0,"Arkansas"
"AR",2020,"Feb",8,8,"Arkansas"
"AR",2020,"Mar",365,357,"Arkansas"
"AR",2020,"Apr",3497,3132,"Arkansas"
"AR",2020,"May",6836,3339,"Arkansas"
"AR",2020,"Jun",18412,11576,"Arkansas"
"AR",2020,"Jul",39577,21165,"Arkansas"
"AR",2020,"Aug",57914,18337,"Arkansas"
"AR",2020,"Sep",77756,19842,"Arkansas"
"AR",2020,"Oct",108151,30395,"Arkansas"
"AR",2020,"Nov",149905,41754,"Arkansas"
"AR",2020,"Dec",222518,72613,"Arkansas"
"AR",2021,"Jan",288060,65542,"Arkansas"
"AR",2021,"Feb",316560,28500,"Arkansas"
"AR",2021,"Mar",329745,13185,"Arkansas"
"AR",2021,"Apr",335766,6021,"Arkansas"
"AR",2021,"May",341178,5412,"Arkansas"
"AR",2021,"Jun",347070,5892,"Arkansas"
"AR",2021,"Jul",381470,34400,"Arkansas"
"AR",2021,"Aug",442345,60875,"Arkansas"
"AR",2021,"Sep",496654,54309,"Arkansas"
"AR",2021,"Oct",513476,16822,"Arkansas"
"AR",2021,"Nov",528036,14560,"Arkansas"
"AR",2021,"Dec",559468,31432,"Arkansas"
"AR",2022,"Jan",749248,189780,"Arkansas"
"AR",2022,"Feb",804690,55442,"Arkansas"
"AR",2022,"Mar",818667,13977,"Arkansas"
"AR",2022,"Apr",822236,3569,"Arkansas"
"AR",2022,"May",828998,6762,"Arkansas"
"AR",2022,"Jun",851042,22044,"Arkansas"
"AR",2022,"Jul",885329,34287,"Arkansas"
"AR",2022,"Aug",910449,25120,"Arkansas"
"AR",2022,"Sep",934462,24013,"Arkansas"
"AR",2022,"Oct",941719,7257,"Arkansas"
"AR",2022,"Nov",948939,7220,"Arkansas"
"AR",2022,"Dec",964645,15706,"Arkansas"
"AR",2023,"Jan",976195,11550,"Arkansas"
"AR",2023,"Feb",984182,7987,"Arkansas"
"AR",2023,"Mar",990092,5910,"Arkansas"
"AR",2023,"Apr",993488,3396,"Arkansas"
"AR",2023,"May",995043,1555,"Arkansas"
"AS",2020,"Jan",0,0,NA
"AS",2020,"Feb",0,0,NA
"AS",2020,"Mar",0,0,NA
"AS",2020,"Apr",0,0,NA
"AS",2020,"May",0,0,NA
"AS",2020,"Jun",0,0,NA
"AS",2020,"Jul",0,0,NA
"AS",2020,"Aug",0,0,NA
"AS",2020,"Sep",0,0,NA
"AS",2020,"Oct",0,0,NA
"AS",2020,"Nov",0,0,NA
"AS",2020,"Dec",0,0,NA
"AS",2021,"Jan",0,0,NA
"AS",2021,"Feb",0,0,NA
"AS",2021,"Mar",0,0,NA
"AS",2021,"Apr",0,0,NA
"AS",2021,"May",0,0,NA
"AS",2021,"Jun",0,0,NA
"AS",2021,"Jul",0,0,NA
"AS",2021,"Aug",0,0,NA
"AS",2021,"Sep",1,1,NA
"AS",2021,"Oct",4,3,NA
"AS",2021,"Nov",5,1,NA
"AS",2021,"Dec",11,6,NA
"AS",2022,"Jan",18,7,NA
"AS",2022,"Feb",72,54,NA
"AS",2022,"Mar",3483,3411,NA
"AS",2022,"Apr",5817,2334,NA
"AS",2022,"May",6110,293,NA
"AS",2022,"Jun",6414,304,NA
"AS",2022,"Jul",7471,1057,NA
"AS",2022,"Aug",8168,697,NA
"AS",2022,"Sep",8247,79,NA
"AS",2022,"Oct",8257,10,NA
"AS",2022,"Nov",8262,5,NA
"AS",2022,"Dec",8266,4,NA
"AS",2023,"Jan",8317,51,NA
"AS",2023,"Feb",8320,3,NA
"AS",2023,"Mar",8324,4,NA
"AS",2023,"Apr",8329,5,NA
"AS",2023,"May",8331,2,NA
"AZ",2020,"Jan",1,1,"Arizona"
"AZ",2020,"Feb",1,0,"Arizona"
"AZ",2020,"Mar",401,400,"Arizona"
"AZ",2020,"Apr",7209,6808,"Arizona"
"AZ",2020,"May",17319,10110,"Arizona"
"AZ",2020,"Jun",60190,42871,"Arizona"
"AZ",2020,"Jul",168275,108085,"Arizona"
"AZ",2020,"Aug",199469,31194,"Arizona"
"AZ",2020,"Sep",215288,15819,"Arizona"
"AZ",2020,"Oct",241165,25877,"Arizona"
"AZ",2020,"Nov",310850,69685,"Arizona"
"AZ",2020,"Dec",512489,201639,"Arizona"
"AZ",2021,"Jan",738561,226072,"Arizona"
"AZ",2021,"Feb",811968,73407,"Arizona"
"AZ",2021,"Mar",837828,25860,"Arizona"
"AZ",2021,"Apr",860772,22944,"Arizona"
"AZ",2021,"May",878312,17540,"Arizona"
"AZ",2021,"Jun",891025,12713,"Arizona"
"AZ",2021,"Jul",921445,30420,"Arizona"
"AZ",2021,"Aug",991309,69864,"Arizona"
"AZ",2021,"Sep",1090839,99530,"Arizona"
"AZ",2021,"Oct",1156731,65892,"Arizona"
"AZ",2021,"Nov",1252248,95517,"Arizona"
"AZ",2021,"Dec",1368080,115832,"Arizona"
"AZ",2022,"Jan",1799503,431423,"Arizona"
"AZ",2022,"Feb",1971678,172175,"Arizona"
"AZ",2022,"Mar",2007180,35502,"Arizona"
"AZ",2022,"Apr",2021524,14344,"Arizona"
"AZ",2022,"May",2049627,28103,"Arizona"
"AZ",2022,"Jun",2125567,75940,"Arizona"
"AZ",2022,"Jul",2196429,70862,"Arizona"
"AZ",2022,"Aug",2245713,49284,"Arizona"
"AZ",2022,"Sep",2271560,25847,"Arizona"
"AZ",2022,"Oct",2287886,16326,"Arizona"
"AZ",2022,"Nov",2324560,36674,"Arizona"
"AZ",2022,"Dec",2378334,53774,"Arizona"
"AZ",2023,"Jan",2398200,19866,"Arizona"
"AZ",2023,"Feb",2434631,13281,"Arizona"
"AZ",2023,"Mar",2454320,19689,"Arizona"
"AZ",2023,"Apr",2468340,14020,"Arizona"
"AZ",2023,"May",2474154,5814,"Arizona"
"CA",2020,"Jan",2,2,"California"
"CA",2020,"Feb",52,50,"California"
"CA",2020,"Mar",3000,2948,"California"
"CA",2020,"Apr",46601,43601,"California"
"CA",2020,"May",99217,52616,"California"
"CA",2020,"Jun",190663,91446,"California"
"CA",2020,"Jul",477548,286885,"California"
"CA",2020,"Aug",683755,206207,"California"
"CA",2020,"Sep",794466,110711,"California"
"CA",2020,"Oct",919822,125356,"California"
"CA",2020,"Nov",1168074,248252,"California"
"CA",2020,"Dec",2302033,1133959,"California"
"CA",2021,"Jan",3299740,997707,"California"
"CA",2021,"Feb",3599728,299988,"California"
"CA",2021,"Mar",3701825,102097,"California"
"CA",2021,"Apr",3792591,90766,"California"
"CA",2021,"May",3836560,43969,"California"
"CA",2021,"Jun",3866342,29782,"California"
"CA",2021,"Jul",3998313,131971,"California"
"CA",2021,"Aug",4345722,347409,"California"
"CA",2021,"Sep",4709457,363735,"California"
"CA",2021,"Oct",4876828,167371,"California"
"CA",2021,"Nov",5035140,158312,"California"
"CA",2021,"Dec",5412140,377000,"California"
"CA",2022,"Jan",8120396,2708256,"California"
"CA",2022,"Feb",8914113,793717,"California"
"CA",2022,"Mar",9084830,170717,"California"
"CA",2022,"Apr",9198534,113704,"California"
"CA",2022,"May",9493324,294790,"California"
"CA",2022,"Jun",10076018,582694,"California"
"CA",2022,"Jul",10632003,555985,"California"
"CA",2022,"Aug",11006684,374681,"California"
"CA",2022,"Sep",11253453,246769,"California"
"CA",2022,"Oct",11353420,99967,"California"
"CA",2022,"Nov",11477182,123762,"California"
"CA",2022,"Dec",11812914,335732,"California"
"CA",2023,"Jan",11970948,158034,"California"
"CA",2023,"Feb",12075768,104820,"California"
"CA",2023,"Mar",12181194,105426,"California"
"CA",2023,"Apr",12230624,49430,"California"
"CA",2023,"May",12251820,21196,"California"
"CO",2020,"Jan",0,0,"Colorado"
"CO",2020,"Feb",0,0,"Colorado"
"CO",2020,"Mar",1417,1417,"Colorado"
"CO",2020,"Apr",15882,14465,"Colorado"
"CO",2020,"May",25715,9833,"Colorado"
"CO",2020,"Jun",31981,6266,"Colorado"
"CO",2020,"Jul",47320,15339,"Colorado"
"CO",2020,"Aug",57416,10096,"Colorado"
"CO",2020,"Sep",68837,11421,"Colorado"
"CO",2020,"Oct",105572,36735,"Colorado"
"CO",2020,"Nov",228449,122877,"Colorado"
"CO",2020,"Dec",347485,119036,"Colorado"
"CO",2021,"Jan",402419,54934,"Colorado"
"CO",2021,"Feb",435158,32739,"Colorado"
"CO",2021,"Mar",463596,28438,"Colorado"
"CO",2021,"Apr",517467,53871,"Colorado"
"CO",2021,"May",547853,30386,"Colorado"
"CO",2021,"Jun",559045,11192,"Colorado"
"CO",2021,"Jul",575968,16923,"Colorado"
"CO",2021,"Aug",610820,34852,"Colorado"
"CO",2021,"Sep",676246,65426,"Colorado"
"CO",2021,"Oct",741295,65049,"Colorado"
"CO",2021,"Nov",831410,90115,"Colorado"
"CO",2021,"Dec",945138,113728,"Colorado"
"CO",2022,"Jan",1333933,388795,"Colorado"
"CO",2022,"Feb",1408150,74217,"Colorado"
"CO",2022,"Mar",1423846,15696,"Colorado"
"CO",2022,"Apr",1439192,15346,"Colorado"
"CO",2022,"May",1478514,39322,"Colorado"
"CO",2022,"Jun",1554594,76080,"Colorado"
"CO",2022,"Jul",1605039,50445,"Colorado"
"CO",2022,"Aug",1635324,30285,"Colorado"
"CO",2022,"Sep",1660159,24835,"Colorado"
"CO",2022,"Oct",1677742,17583,"Colorado"
"CO",2022,"Nov",1706926,29184,"Colorado"
"CO",2022,"Dec",1736974,30048,"Colorado"
"CO",2023,"Jan",1748447,11473,"Colorado"
"CO",2023,"Feb",1760772,12325,"Colorado"
"CO",2023,"Mar",1774060,13288,"Colorado"
"CO",2023,"Apr",1781374,7314,"Colorado"
"CO",2023,"May",1783663,2289,"Colorado"
"CT",2020,"Jan",0,0,"Connecticut"
"CT",2020,"Feb",0,0,"Connecticut"
"CT",2020,"Mar",1205,1205,"Connecticut"
"CT",2020,"Apr",27807,26602,"Connecticut"
"CT",2020,"May",42197,14390,"Connecticut"
"CT",2020,"Jun",45913,3716,"Connecticut"
"CT",2020,"Jul",49540,3627,"Connecticut"
"CT",2020,"Aug",52220,2680,"Connecticut"
"CT",2020,"Sep",56315,4095,"Connecticut"
"CT",2020,"Oct",69127,12812,"Connecticut"
"CT",2020,"Nov",109152,40025,"Connecticut"
"CT",2020,"Dec",183663,74511,"Connecticut"
"CT",2021,"Jan",247339,63676,"Connecticut"
"CT",2021,"Feb",275705,28366,"Connecticut"
"CT",2021,"Mar",300164,24459,"Connecticut"
"CT",2021,"Apr",338469,38305,"Connecticut"
"CT",2021,"May",346980,8511,"Connecticut"
"CT",2021,"Jun",348840,1860,"Connecticut"
"CT",2021,"Jul",353505,4665,"Connecticut"
"CT",2021,"Aug",369132,15627,"Connecticut"
"CT",2021,"Sep",390180,21048,"Connecticut"
"CT",2021,"Oct",401716,11536,"Connecticut"
"CT",2021,"Nov",416573,14857,"Connecticut"
"CT",2021,"Dec",502484,85911,"Connecticut"
"CT",2022,"Jan",693561,191077,"Connecticut"
"CT",2022,"Feb",727840,34279,"Connecticut"
"CT",2022,"Mar",739137,11297,"Connecticut"
"CT",2022,"Apr",755971,16834,"Connecticut"
"CT",2022,"May",800506,44535,"Connecticut"
"CT",2022,"Jun",830617,30111,"Connecticut"
"CT",2022,"Jul",851842,21225,"Connecticut"
"CT",2022,"Aug",872027,20185,"Connecticut"
"CT",2022,"Sep",893199,21172,"Connecticut"
"CT",2022,"Oct",909653,16454,"Connecticut"
"CT",2022,"Nov",922349,12696,"Connecticut"
"CT",2022,"Dec",945020,22671,"Connecticut"
"CT",2023,"Jan",963705,18685,"Connecticut"
"CT",2023,"Feb",973587,9882,"Connecticut"
"CT",2023,"Mar",979167,5580,"Connecticut"
"CT",2023,"Apr",981501,2334,"Connecticut"
"CT",2023,"May",982335,834,"Connecticut"
"DC",2020,"Jan",0,0,"District of Columbia"
"DC",2020,"Feb",0,0,"District of Columbia"
"DC",2020,"Mar",231,231,"District of Columbia"
"DC",2020,"Apr",4106,3875,"District of Columbia"
"DC",2020,"May",8406,4300,"District of Columbia"
"DC",2020,"Jun",10128,1722,"District of Columbia"
"DC",2020,"Jul",11999,1871,"District of Columbia"
"DC",2020,"Aug",13722,1723,"District of Columbia"
"DC",2020,"Sep",15050,1328,"District of Columbia"
"DC",2020,"Oct",16973,1923,"District of Columbia"
"DC",2020,"Nov",20516,3543,"District of Columbia"
"DC",2020,"Dec",28758,8242,"District of Columbia"
"DC",2021,"Jan",35865,7107,"District of Columbia"
"DC",2021,"Feb",39943,4078,"District of Columbia"
"DC",2021,"Mar",43595,3652,"District of Columbia"
"DC",2021,"Apr",47533,3938,"District of Columbia"
"DC",2021,"May",48822,1289,"District of Columbia"
"DC",2021,"Jun",49284,462,"District of Columbia"
"DC",2021,"Jul",50268,984,"District of Columbia"
"DC",2021,"Aug",54156,3888,"District of Columbia"
"DC",2021,"Sep",60996,6840,"District of Columbia"
"DC",2021,"Oct",63990,2994,"District of Columbia"
"DC",2021,"Nov",66510,2520,"District of Columbia"
"DC",2021,"Dec",92045,25535,"District of Columbia"
"DC",2022,"Jan",129479,37434,"District of Columbia"
"DC",2022,"Feb",134114,4635,"District of Columbia"
"DC",2022,"Mar",136598,2484,"District of Columbia"
"DC",2022,"Apr",141943,5345,"District of Columbia"
"DC",2022,"May",148270,6327,"District of Columbia"
"DC",2022,"Jun",156557,8287,"District of Columbia"
"DC",2022,"Jul",162098,5541,"District of Columbia"
"DC",2022,"Aug",165573,3475,"District of Columbia"
"DC",2022,"Sep",168359,2786,"District of Columbia"
"DC",2022,"Oct",169709,1350,"District of Columbia"
"DC",2022,"Nov",171317,1608,"District of Columbia"
"DC",2022,"Dec",174010,2693,"District of Columbia"
"DC",2023,"Jan",176012,2002,"District of Columbia"
"DC",2023,"Feb",177504,1492,"District of Columbia"
"DC",2023,"Mar",178362,858,"District of Columbia"
"DC",2023,"Apr",178747,385,"District of Columbia"
"DC",2023,"May",178904,157,"District of Columbia"
"DE",2020,"Jan",5,5,"Delaware"
"DE",2020,"Feb",13,8,"Delaware"
"DE",2020,"Mar",167,154,"Delaware"
"DE",2020,"Apr",4857,4690,"Delaware"
"DE",2020,"May",9269,4412,"Delaware"
"DE",2020,"Jun",11137,1868,"Delaware"
"DE",2020,"Jul",15002,3865,"Delaware"
"DE",2020,"Aug",17047,2045,"Delaware"
"DE",2020,"Sep",19841,2794,"Delaware"
"DE",2020,"Oct",24444,4603,"Delaware"
"DE",2020,"Nov",33388,8944,"Delaware"
"DE",2020,"Dec",57682,24294,"Delaware"
"DE",2021,"Jan",77060,19378,"Delaware"
"DE",2021,"Feb",86462,9402,"Delaware"
"DE",2021,"Mar",92660,6198,"Delaware"
"DE",2021,"Apr",103376,10716,"Delaware"
"DE",2021,"May",107175,3799,"Delaware"
"DE",2021,"Jun",108182,1007,"Delaware"
"DE",2021,"Jul",109592,1410,"Delaware"
"DE",2021,"Aug",116394,6802,"Delaware"
"DE",2021,"Sep",131219,14825,"Delaware"
"DE",2021,"Oct",141502,10283,"Delaware"
"DE",2021,"Nov",149802,8300,"Delaware"
"DE",2021,"Dec",176263,26461,"Delaware"
"DE",2022,"Jan",244327,68064,"Delaware"
"DE",2022,"Feb",254978,10651,"Delaware"
"DE",2022,"Mar",257670,2692,"Delaware"
"DE",2022,"Apr",261622,3952,"Delaware"
"DE",2022,"May",274045,12423,"Delaware"
"DE",2022,"Jun",284868,10823,"Delaware"
"DE",2022,"Jul",293301,8433,"Delaware"
"DE",2022,"Aug",301459,8158,"Delaware"
"DE",2022,"Sep",308321,6862,"Delaware"
"DE",2022,"Oct",312512,4191,"Delaware"
"DE",2022,"Nov",315802,3290,"Delaware"
"DE",2022,"Dec",321905,6103,"Delaware"
"DE",2023,"Jan",327192,5287,"Delaware"
"DE",2023,"Feb",330907,3715,"Delaware"
"DE",2023,"Mar",332881,1974,"Delaware"
"DE",2023,"Apr",333558,677,"Delaware"
"DE",2023,"May",333772,214,"Delaware"
"FL",2020,"Jan",0,0,"Florida"
"FL",2020,"Feb",0,0,"Florida"
"FL",2020,"Mar",388,388,"Florida"
"FL",2020,"Apr",28923,28535,"Florida"
"FL",2020,"May",47818,18895,"Florida"
"FL",2020,"Jun",86243,38425,"Florida"
"FL",2020,"Jul",394934,308691,"Florida"
"FL",2020,"Aug",581336,186402,"Florida"
"FL",2020,"Sep",663282,81946,"Florida"
"FL",2020,"Oct",756373,93091,"Florida"
"FL",2020,"Nov",905357,148984,"Florida"
"FL",2020,"Dec",1233862,328505,"Florida"
"FL",2021,"Jan",1595444,361582,"Florida"
"FL",2021,"Feb",1820028,224584,"Florida"
"FL",2021,"Mar",1960630,140602,"Florida"
"FL",2021,"Apr",2156090,195460,"Florida"
"FL",2021,"May",2265402,109312,"Florida"
"FL",2021,"Jun",2315426,50024,"Florida"
"FL",2021,"Jul",2486313,170887,"Florida"
"FL",2021,"Aug",3038973,552660,"Florida"
"FL",2021,"Sep",3555492,516519,"Florida"
"FL",2021,"Oct",3655587,100095,"Florida"
"FL",2021,"Nov",3702425,46838,"Florida"
"FL",2021,"Dec",3900279,197854,"Florida"
"FL",2022,"Jan",5305952,1405673,"Florida"
"FL",2022,"Feb",5775345,469393,"Florida"
"FL",2022,"Mar",5842014,66669,"Florida"
"FL",2022,"Apr",5899784,57770,"Florida"
"FL",2022,"May",6058762,158978,"Florida"
"FL",2022,"Jun",6419521,360759,"Florida"
"FL",2022,"Jul",6715686,296165,"Florida"
"FL",2022,"Aug",6954186,238500,"Florida"
"FL",2022,"Sep",7105803,151617,"Florida"
"FL",2022,"Oct",7148361,42558,"Florida"
"FL",2022,"Nov",7194875,46514,"Florida"
"FL",2022,"Dec",7293317,98442,"Florida"
"FL",2023,"Jan",7400186,106869,"Florida"
"FL",2023,"Feb",7471773,71587,"Florida"
"FL",2023,"Mar",7525616,53843,"Florida"
"FL",2023,"Apr",7558324,32708,"Florida"
"FL",2023,"May",7572282,13958,"Florida"
"FSM",2020,"Jan",0,0,NA
"FSM",2020,"Feb",0,0,NA
"FSM",2020,"Mar",0,0,NA
"FSM",2020,"Apr",0,0,NA
"FSM",2020,"May",0,0,NA
"FSM",2020,"Jun",0,0,NA
"FSM",2020,"Jul",0,0,NA
"FSM",2020,"Aug",0,0,NA
"FSM",2020,"Sep",0,0,NA
"FSM",2020,"Oct",0,0,NA
"FSM",2020,"Nov",0,0,NA
"FSM",2020,"Dec",0,0,NA
"FSM",2021,"Jan",1,1,NA
"FSM",2021,"Feb",1,0,NA
"FSM",2021,"Mar",1,0,NA
"FSM",2021,"Apr",1,0,NA
"FSM",2021,"May",1,0,NA
"FSM",2021,"Jun",1,0,NA
"FSM",2021,"Jul",7,6,NA
"FSM",2021,"Aug",7,0,NA
"FSM",2021,"Sep",7,0,NA
"FSM",2021,"Oct",7,0,NA
"FSM",2021,"Nov",7,0,NA
"FSM",2021,"Dec",7,0,NA
"FSM",2022,"Jan",7,0,NA
"FSM",2022,"Feb",7,0,NA
"FSM",2022,"Mar",7,0,NA
"FSM",2022,"Apr",9,2,NA
"FSM",2022,"May",30,21,NA
"FSM",2022,"Jun",38,8,NA
"FSM",2022,"Jul",2769,2731,NA
"FSM",2022,"Aug",6925,4156,NA
"FSM",2022,"Sep",10814,3889,NA
"FSM",2022,"Oct",21815,11001,NA
"FSM",2022,"Nov",22034,219,NA
"FSM",2022,"Dec",22069,35,NA
"FSM",2023,"Jan",22676,607,NA
"FSM",2023,"Feb",23671,995,NA
"FSM",2023,"Mar",25703,2032,NA
"FSM",2023,"Apr",26049,346,NA
"FSM",2023,"May",26453,404,NA
"GA",2020,"Jan",0,0,"Georgia"
"GA",2020,"Feb",0,0,"Georgia"
"GA",2020,"Mar",1242,1242,"Georgia"
"GA",2020,"Apr",25761,24519,"Georgia"
"GA",2020,"May",44595,18834,"Georgia"
"GA",2020,"Jun",69391,24796,"Georgia"
"GA",2020,"Jul",178333,108942,"Georgia"
"GA",2020,"Aug",260597,82264,"Georgia"
"GA",2020,"Sep",310171,49574,"Georgia"
"GA",2020,"Oct",355034,44863,"Georgia"
"GA",2020,"Nov",457910,102876,"Georgia"
"GA",2020,"Dec",654743,196833,"Georgia"
"GA",2021,"Jan",885605,230862,"Georgia"
"GA",2021,"Feb",994055,108450,"Georgia"
"GA",2021,"Mar",1049383,55328,"Georgia"
"GA",2021,"Apr",1097234,47851,"Georgia"
"GA",2021,"May",1121313,24079,"Georgia"
"GA",2021,"Jun",1131949,10636,"Georgia"
"GA",2021,"Jul",1171232,39283,"Georgia"
"GA",2021,"Aug",1348021,176789,"Georgia"
"GA",2021,"Sep",1573836,225815,"Georgia"
"GA",2021,"Oct",1631347,57511,"Georgia"
"GA",2021,"Nov",1659480,28133,"Georgia"
"GA",2021,"Dec",1792021,132541,"Georgia"
"GA",2022,"Jan",2306025,514004,"Georgia"
"GA",2022,"Feb",2458863,152838,"Georgia"
"GA",2022,"Mar",2495557,36694,"Georgia"
"GA",2022,"Apr",2514698,19141,"Georgia"
"GA",2022,"May",2556016,41318,"Georgia"
"GA",2022,"Jun",2647568,91552,"Georgia"
"GA",2022,"Jul",2750915,103347,"Georgia"
"GA",2022,"Aug",2852705,101790,"Georgia"
"GA",2022,"Sep",2905264,52559,"Georgia"
"GA",2022,"Oct",2920635,15371,"Georgia"
"GA",2022,"Nov",2937275,16640,"Georgia"
"GA",2022,"Dec",2985193,47918,"Georgia"
"GA",2023,"Jan",3027850,42657,"Georgia"
"GA",2023,"Feb",3061141,26491,"Georgia"
"GA",2023,"Mar",3076237,15096,"Georgia"
"GA",2023,"Apr",3084256,8019,"Georgia"
"GA",2023,"May",3087729,3473,"Georgia"
"GU",2020,"Jan",0,0,NA
"GU",2020,"Feb",0,0,NA
"GU",2020,"Mar",37,37,NA
"GU",2020,"Apr",141,104,NA
"GU",2020,"May",170,29,NA
"GU",2020,"Jun",226,56,NA
"GU",2020,"Jul",354,128,NA
"GU",2020,"Aug",1120,766,NA
"GU",2020,"Sep",2235,1115,NA
"GU",2020,"Oct",4466,2231,NA
"GU",2020,"Nov",6705,2239,NA
"GU",2020,"Dec",7308,603,NA
"GU",2021,"Jan",7568,260,NA
"GU",2021,"Feb",7729,161,NA
"GU",2021,"Mar",7789,60,NA
"GU",2021,"Apr",7959,170,NA
"GU",2021,"May",8154,195,NA
"GU",2021,"Jun",8316,162,NA
"GU",2021,"Jul",8529,213,NA
"GU",2021,"Aug",9867,1338,NA
"GU",2021,"Sep",15041,5174,NA
"GU",2021,"Oct",18040,2999,NA
"GU",2021,"Nov",19146,1106,NA
"GU",2021,"Dec",19566,420,NA
"GU",2022,"Jan",30221,10655,NA
"GU",2022,"Feb",43836,13615,NA
"GU",2022,"Mar",47265,3429,NA
"GU",2022,"Apr",48113,848,NA
"GU",2022,"May",48907,794,NA
"GU",2022,"Jun",51898,2991,NA
"GU",2022,"Jul",55057,3159,NA
"GU",2022,"Aug",57599,2542,NA
"GU",2022,"Sep",58564,965,NA
"GU",2022,"Oct",58751,187,NA
"GU",2022,"Nov",59189,438,NA
"GU",2022,"Dec",59926,737,NA
"GU",2023,"Jan",60705,779,NA
"GU",2023,"Feb",60964,259,NA
"GU",2023,"Mar",61148,184,NA
"GU",2023,"Apr",61382,234,NA
"GU",2023,"May",61642,260,NA
"HI",2020,"Jan",0,0,"Hawaii"
"HI",2020,"Feb",0,0,"Hawaii"
"HI",2020,"Mar",105,105,"Hawaii"
"HI",2020,"Apr",583,478,"Hawaii"
"HI",2020,"May",647,64,"Hawaii"
"HI",2020,"Jun",835,188,"Hawaii"
"HI",2020,"Jul",1798,963,"Hawaii"
"HI",2020,"Aug",7203,5405,"Hawaii"
"HI",2020,"Sep",11762,4559,"Hawaii"
"HI",2020,"Oct",15039,3277,"Hawaii"
"HI",2020,"Nov",17783,2744,"Hawaii"
"HI",2020,"Dec",21511,3728,"Hawaii"
"HI",2021,"Jan",25710,4199,"Hawaii"
"HI",2021,"Feb",27479,1769,"Hawaii"
"HI",2021,"Mar",29303,1824,"Hawaii"
"HI",2021,"Apr",32736,3433,"Hawaii"
"HI",2021,"May",35073,2337,"Hawaii"
"HI",2021,"Jun",36522,1449,"Hawaii"
"HI",2021,"Jul",40398,3876,"Hawaii"
"HI",2021,"Aug",57609,17211,"Hawaii"
"HI",2021,"Sep",78355,20746,"Hawaii"
"HI",2021,"Oct",83135,4780,"Hawaii"
"HI",2021,"Nov",86040,2905,"Hawaii"
"HI",2021,"Dec",107038,20998,"Hawaii"
"HI",2022,"Jan",211091,104053,"Hawaii"
"HI",2022,"Feb",235821,24730,"Hawaii"
"HI",2022,"Mar",240537,4716,"Hawaii"
"HI",2022,"Apr",248362,7825,"Hawaii"
"HI",2022,"May",275057,26695,"Hawaii"
"HI",2022,"Jun",309695,34638,"Hawaii"
"HI",2022,"Jul",326637,16942,"Hawaii"
"HI",2022,"Aug",338595,11958,"Hawaii"
"HI",2022,"Sep",345128,6533,"Hawaii"
"HI",2022,"Oct",349609,4481,"Hawaii"
"HI",2022,"Nov",353718,4109,"Hawaii"
"HI",2022,"Dec",359236,5518,"Hawaii"
"HI",2023,"Jan",363739,4503,"Hawaii"
"HI",2023,"Feb",366213,2474,"Hawaii"
"HI",2023,"Mar",369180,2967,"Hawaii"
"HI",2023,"Apr",372862,3682,"Hawaii"
"HI",2023,"May",374264,1402,"Hawaii"
"IA",2020,"Jan",0,0,"Iowa"
"IA",2020,"Feb",0,0,"Iowa"
"IA",2020,"Mar",146,146,"Iowa"
"IA",2020,"Apr",6842,6696,"Iowa"
"IA",2020,"May",18368,11526,"Iowa"
"IA",2020,"Jun",26602,8234,"Iowa"
"IA",2020,"Jul",43626,17024,"Iowa"
"IA",2020,"Aug",58808,15182,"Iowa"
"IA",2020,"Sep",82871,24063,"Iowa"
"IA",2020,"Oct",120635,37764,"Iowa"
"IA",2020,"Nov",221286,100651,"Iowa"
"IA",2020,"Dec",280064,58778,"Iowa"
"IA",2021,"Jan",316114,36050,"Iowa"
"IA",2021,"Feb",334665,18551,"Iowa"
"IA",2021,"Mar",347593,12928,"Iowa"
"IA",2021,"Apr",364297,16704,"Iowa"
"IA",2021,"May",371027,6730,"Iowa"
"IA",2021,"Jun",373218,2191,"Iowa"
"IA",2021,"Jul",378831,5613,"Iowa"
"IA",2021,"Aug",400082,21251,"Iowa"
"IA",2021,"Sep",451492,51410,"Iowa"
"IA",2021,"Oct",483409,31917,"Iowa"
"IA",2021,"Nov",518859,35450,"Iowa"
"IA",2021,"Dec",573032,54173,"Iowa"
"IA",2022,"Jan",699859,126827,"Iowa"
"IA",2022,"Feb",747648,47789,"Iowa"
"IA",2022,"Mar",758415,10767,"Iowa"
"IA",2022,"Apr",763053,4638,"Iowa"
"IA",2022,"May",776136,13083,"Iowa"
"IA",2022,"Jun",796196,20060,"Iowa"
"IA",2022,"Jul",816588,20392,"Iowa"
"IA",2022,"Aug",837739,21151,"Iowa"
"IA",2022,"Sep",855931,18192,"Iowa"
"IA",2022,"Oct",862925,6994,"Iowa"
"IA",2022,"Nov",870897,7972,"Iowa"
"IA",2022,"Dec",886411,15514,"Iowa"
"IA",2023,"Jan",894105,7694,"Iowa"
"IA",2023,"Feb",900343,6238,"Iowa"
"IA",2023,"Mar",908936,8593,"Iowa"
"IA",2023,"Apr",908936,0,"Iowa"
"IA",2023,"May",908936,0,"Iowa"
"ID",2020,"Jan",0,0,"Idaho"
"ID",2020,"Feb",0,0,"Idaho"
"ID",2020,"Mar",90,90,"Idaho"
"ID",2020,"Apr",1953,1863,"Idaho"
"ID",2020,"May",2699,746,"Idaho"
"ID",2020,"Jun",4402,1703,"Idaho"
"ID",2020,"Jul",19673,15271,"Idaho"
"ID",2020,"Aug",30771,11098,"Idaho"
"ID",2020,"Sep",38743,7972,"Idaho"
"ID",2020,"Oct",61787,23044,"Idaho"
"ID",2020,"Nov",96504,34717,"Idaho"
"ID",2020,"Dec",139865,43361,"Idaho"
"ID",2021,"Jan",161212,21347,"Idaho"
"ID",2021,"Feb",170292,9080,"Idaho"
"ID",2021,"Mar",178545,8253,"Idaho"
"ID",2021,"Apr",187267,8722,"Idaho"
"ID",2021,"May",191736,4469,"Idaho"
"ID",2021,"Jun",194518,2782,"Idaho"
"ID",2021,"Jul",199516,4998,"Idaho"
"ID",2021,"Aug",216061,16545,"Idaho"
"ID",2021,"Sep",255417,39356,"Idaho"
"ID",2021,"Oct",288923,33506,"Idaho"
"ID",2021,"Nov",305130,16207,"Idaho"
"ID",2021,"Dec",318458,13328,"Idaho"
"ID",2022,"Jan",368665,50207,"Idaho"
"ID",2022,"Feb",419168,50503,"Idaho"
"ID",2022,"Mar",443913,24745,"Idaho"
"ID",2022,"Apr",445820,1907,"Idaho"
"ID",2022,"May",450337,4517,"Idaho"
"ID",2022,"Jun",462979,12642,"Idaho"
"ID",2022,"Jul",477684,14705,"Idaho"
"ID",2022,"Aug",487329,9645,"Idaho"
"ID",2022,"Sep",495484,8155,"Idaho"
"ID",2022,"Oct",499828,4344,"Idaho"
"ID",2022,"Nov",504770,4942,"Idaho"
"ID",2022,"Dec",511601,6831,"Idaho"
"ID",2023,"Jan",515002,3401,"Idaho"
"ID",2023,"Feb",518431,3429,"Idaho"
"ID",2023,"Mar",523460,5029,"Idaho"
"ID",2023,"Apr",525470,2010,"Idaho"
"ID",2023,"May",526118,648,"Idaho"
"IL",2020,"Jan",1,1,"Illinois"
"IL",2020,"Feb",2,1,"Illinois"
"IL",2020,"Mar",1864,1862,"Illinois"
"IL",2020,"Apr",50356,48492,"Illinois"
"IL",2020,"May",114312,63956,"Illinois"
"IL",2020,"Jun",138540,24228,"Illinois"
"IL",2020,"Jul",176364,37824,"Illinois"
"IL",2020,"Aug",227047,50683,"Illinois"
"IL",2020,"Sep",281303,54256,"Illinois"
"IL",2020,"Oct",393800,112497,"Illinois"
"IL",2020,"Nov",685467,291667,"Illinois"
"IL",2020,"Dec",955381,269914,"Illinois"
"IL",2021,"Jan",1112186,156805,"Illinois"
"IL",2021,"Feb",1179343,67157,"Illinois"
"IL",2021,"Mar",1227704,48361,"Illinois"
"IL",2021,"Apr",1328455,100751,"Illinois"
"IL",2021,"May",1378392,49937,"Illinois"
"IL",2021,"Jun",1389882,11490,"Illinois"
"IL",2021,"Jul",1415573,25691,"Illinois"
"IL",2021,"Aug",1499022,83449,"Illinois"
"IL",2021,"Sep",1624164,125142,"Illinois"
"IL",2021,"Oct",1690273,66109,"Illinois"
"IL",2021,"Nov",1784900,94627,"Illinois"
"IL",2021,"Dec",2119162,334262,"Illinois"
"IL",2022,"Jan",2867299,748137,"Illinois"
"IL",2022,"Feb",3022577,155278,"Illinois"
"IL",2022,"Mar",3066583,44006,"Illinois"
"IL",2022,"Apr",3128136,61553,"Illinois"
"IL",2022,"May",3274357,146221,"Illinois"
"IL",2022,"Jun",3425979,151622,"Illinois"
"IL",2022,"Jul",3550590,124611,"Illinois"
"IL",2022,"Aug",3661342,110752,"Illinois"
"IL",2022,"Sep",3758295,96953,"Illinois"
"IL",2022,"Oct",3804664,46369,"Illinois"
"IL",2022,"Nov",3860866,56202,"Illinois"
"IL",2022,"Dec",3963196,102330,"Illinois"
"IL",2023,"Jan",4019767,56571,"Illinois"
"IL",2023,"Feb",4062200,42433,"Illinois"
"IL",2023,"Mar",4108995,46795,"Illinois"
"IL",2023,"Apr",4131816,22821,"Illinois"
"IL",2023,"May",4136659,4843,"Illinois"
"IN",2020,"Jan",0,0,"Indiana"
"IN",2020,"Feb",0,0,"Indiana"
"IN",2020,"Mar",479,479,"Indiana"
"IN",2020,"Apr",17171,16692,"Indiana"
"IN",2020,"May",32433,15262,"Indiana"
"IN",2020,"Jun",43138,10705,"Indiana"
"IN",2020,"Jul",64296,21158,"Indiana"
"IN",2020,"Aug",89362,25066,"Indiana"
"IN",2020,"Sep",113335,23973,"Indiana"
"IN",2020,"Oct",169112,55777,"Indiana"
"IN",2020,"Nov",312521,143409,"Indiana"
"IN",2020,"Dec",505020,192499,"Indiana"
"IN",2021,"Jan",617176,112156,"Indiana"
"IN",2021,"Feb",658045,40869,"Indiana"
"IN",2021,"Mar",680041,21996,"Indiana"
"IN",2021,"Apr",717563,37522,"Indiana"
"IN",2021,"May",741699,24136,"Indiana"
"IN",2021,"Jun",752110,10411,"Indiana"
"IN",2021,"Jul",768625,16515,"Indiana"
"IN",2021,"Aug",833968,65343,"Indiana"
"IN",2021,"Sep",961004,127036,"Indiana"
"IN",2021,"Oct",1017792,56788,"Indiana"
"IN",2021,"Nov",1084488,66696,"Indiana"
"IN",2021,"Dec",1234919,150431,"Indiana"
"IN",2022,"Jan",1574807,339888,"Indiana"
"IN",2022,"Feb",1678628,103821,"Indiana"
"IN",2022,"Mar",1691043,12415,"Indiana"
"IN",2022,"Apr",1700770,9727,"Indiana"
"IN",2022,"May",1727818,27048,"Indiana"
"IN",2022,"Jun",1772183,44365,"Indiana"
"IN",2022,"Jul",1823296,51113,"Indiana"
"IN",2022,"Aug",1882527,59231,"Indiana"
"IN",2022,"Sep",1921993,39466,"Indiana"
"IN",2022,"Oct",1937565,15572,"Indiana"
"IN",2022,"Nov",1959421,21856,"Indiana"
"IN",2022,"Dec",2002760,43339,"Indiana"
"IN",2023,"Jan",2024969,22209,"Indiana"
"IN",2023,"Feb",2043069,18100,"Indiana"
"IN",2023,"Mar",2060430,17361,"Indiana"
"IN",2023,"Apr",2072430,12000,"Indiana"
"IN",2023,"May",2076326,3896,"Indiana"
"KS",2020,"Jan",0,0,"Kansas"
"KS",2020,"Feb",0,0,"Kansas"
"KS",2020,"Mar",133,133,"Kansas"
"KS",2020,"Apr",3781,3648,"Kansas"
"KS",2020,"May",9200,5419,"Kansas"
"KS",2020,"Jun",12710,3510,"Kansas"
"KS",2020,"Jul",26492,13782,"Kansas"
"KS",2020,"Aug",39712,13220,"Kansas"
"KS",2020,"Sep",56309,16597,"Kansas"
"KS",2020,"Oct",83077,26768,"Kansas"
"KS",2020,"Nov",149066,65989,"Kansas"
"KS",2020,"Dec",224074,75008,"Kansas"
"KS",2021,"Jan",273819,49745,"Kansas"
"KS",2021,"Feb",294139,20320,"Kansas"
"KS",2021,"Mar",301428,7289,"Kansas"
"KS",2021,"Apr",308853,7425,"Kansas"
"KS",2021,"May",313985,5132,"Kansas"
"KS",2021,"Jun",317346,3361,"Kansas"
"KS",2021,"Jul",329155,11809,"Kansas"
"KS",2021,"Aug",362666,33511,"Kansas"
"KS",2021,"Sep",409145,46479,"Kansas"
"KS",2021,"Oct",433016,23871,"Kansas"
"KS",2021,"Nov",461360,28344,"Kansas"
"KS",2021,"Dec",519887,58527,"Kansas"
"KS",2022,"Jan",710042,190155,"Kansas"
"KS",2022,"Feb",764263,54221,"Kansas"
"KS",2022,"Mar",770062,5799,"Kansas"
"KS",2022,"Apr",773934,3872,"Kansas"
"KS",2022,"May",785995,12061,"Kansas"
"KS",2022,"Jun",807038,21043,"Kansas"
"KS",2022,"Jul",834973,27935,"Kansas"
"KS",2022,"Aug",858783,23810,"Kansas"
"KS",2022,"Sep",878474,19691,"Kansas"
"KS",2022,"Oct",887100,8626,"Kansas"
"KS",2022,"Nov",897862,10762,"Kansas"
"KS",2022,"Dec",916756,18894,"Kansas"
"KS",2023,"Jan",926022,9266,"Kansas"
"KS",2023,"Feb",934179,8157,"Kansas"
"KS",2023,"Mar",941744,7565,"Kansas"
"KS",2023,"Apr",944952,3208,"Kansas"
"KS",2023,"May",945923,971,"Kansas"
"KY",2020,"Jan",0,0,"Kentucky"
"KY",2020,"Feb",0,0,"Kentucky"
"KY",2020,"Mar",194,194,"Kentucky"
"KY",2020,"Apr",4522,4328,"Kentucky"
"KY",2020,"May",9073,4551,"Kentucky"
"KY",2020,"Jun",14363,5290,"Kentucky"
"KY",2020,"Jul",28723,14360,"Kentucky"
"KY",2020,"Aug",45237,16514,"Kentucky"
"KY",2020,"Sep",63513,18276,"Kentucky"
"KY",2020,"Oct",101496,37983,"Kentucky"
"KY",2020,"Nov",166140,64644,"Kentucky"
"KY",2020,"Dec",264829,98689,"Kentucky"
"KY",2021,"Jan",362521,97692,"Kentucky"
"KY",2021,"Feb",406774,44253,"Kentucky"
"KY",2021,"Mar",425240,18466,"Kentucky"
"KY",2021,"Apr",443722,18482,"Kentucky"
"KY",2021,"May",455181,11459,"Kentucky"
"KY",2021,"Jun",460460,5279,"Kentucky"
"KY",2021,"Jul",478426,17966,"Kentucky"
"KY",2021,"Aug",561517,83091,"Kentucky"
"KY",2021,"Sep",701499,139982,"Kentucky"
"KY",2021,"Oct",746669,45170,"Kentucky"
"KY",2021,"Nov",783595,36926,"Kentucky"
"KY",2021,"Dec",872477,88882,"Kentucky"
"KY",2022,"Jan",1183605,311128,"Kentucky"
"KY",2022,"Feb",1313545,129940,"Kentucky"
"KY",2022,"Mar",1331271,17726,"Kentucky"
"KY",2022,"Apr",1336711,5440,"Kentucky"
"KY",2022,"May",1362188,25477,"Kentucky"
"KY",2022,"Jun",1410842,48654,"Kentucky"
"KY",2022,"Jul",1473937,63095,"Kentucky"
"KY",2022,"Aug",1542142,68205,"Kentucky"
"KY",2022,"Sep",1595926,53784,"Kentucky"
"KY",2022,"Oct",1613619,17693,"Kentucky"
"KY",2022,"Nov",1634104,20485,"Kentucky"
"KY",2022,"Dec",1668647,34543,"Kentucky"
"KY",2023,"Jan",1694311,25664,"Kentucky"
"KY",2023,"Feb",1717103,22792,"Kentucky"
"KY",2023,"Mar",1733583,16480,"Kentucky"
"KY",2023,"Apr",1740761,7178,"Kentucky"
"KY",2023,"May",1743117,2356,"Kentucky"
"LA",2020,"Jan",0,0,"Louisiana"
"LA",2020,"Feb",0,0,"Louisiana"
"LA",2020,"Mar",1796,1796,"Louisiana"
"LA",2020,"Apr",27660,25864,"Louisiana"
"LA",2020,"May",38486,10826,"Louisiana"
"LA",2020,"Jun",52477,13991,"Louisiana"
"LA",2020,"Jul",112773,60296,"Louisiana"
"LA",2020,"Aug",145722,32949,"Louisiana"
"LA",2020,"Sep",163889,18167,"Louisiana"
"LA",2020,"Oct",185830,21941,"Louisiana"
"LA",2020,"Nov",225639,39809,"Louisiana"
"LA",2020,"Dec",311230,85591,"Louisiana"
"LA",2021,"Jan",392414,81184,"Louisiana"
"LA",2021,"Feb",426930,34516,"Louisiana"
"LA",2021,"Mar",442231,15301,"Louisiana"
"LA",2021,"Apr",457351,15120,"Louisiana"
"LA",2021,"May",469842,12491,"Louisiana"
"LA",2021,"Jun",478943,9101,"Louisiana"
"LA",2021,"Jul",531952,53009,"Louisiana"
"LA",2021,"Aug",671237,139285,"Louisiana"
"LA",2021,"Sep",739661,68424,"Louisiana"
"LA",2021,"Oct",757739,18078,"Louisiana"
"LA",2021,"Nov",769051,11312,"Louisiana"
"LA",2021,"Dec",816228,47177,"Louisiana"
"LA",2022,"Jan",1145204,328976,"Louisiana"
"LA",2022,"Feb",1223983,78779,"Louisiana"
"LA",2022,"Mar",1232212,8229,"Louisiana"
"LA",2022,"Apr",1237276,5064,"Louisiana"
"LA",2022,"May",1254595,17319,"Louisiana"
"LA",2022,"Jun",1305499,50904,"Louisiana"
"LA",2022,"Jul",1372134,66635,"Louisiana"
"LA",2022,"Aug",1418197,46063,"Louisiana"
"LA",2022,"Sep",1454450,36253,"Louisiana"
"LA",2022,"Oct",1461433,6983,"Louisiana"
"LA",2022,"Nov",1470441,9008,"Louisiana"
"LA",2022,"Dec",1514113,22275,"Louisiana"
"LA",2023,"Jan",1538276,24163,"Louisiana"
"LA",2023,"Feb",1566105,23322,"Louisiana"
"LA",2023,"Mar",1588259,14568,"Louisiana"
"LA",2023,"Apr",1597070,7862,"Louisiana"
"LA",2023,"May",1600610,3540,"Louisiana"
"MA",2020,"Jan",1,1,"Massachusetts"
"MA",2020,"Feb",2,1,"Massachusetts"
"MA",2020,"Mar",4363,4361,"Massachusetts"
"MA",2020,"Apr",64814,60451,"Massachusetts"
"MA",2020,"May",95604,30790,"Massachusetts"
"MA",2020,"Jun",103368,7764,"Massachusetts"
"MA",2020,"Jul",111129,7761,"Massachusetts"
"MA",2020,"Aug",119474,8345,"Massachusetts"
"MA",2020,"Sep",128531,9057,"Massachusetts"
"MA",2020,"Oct",154238,25707,"Massachusetts"
"MA",2020,"Nov",214594,60356,"Massachusetts"
"MA",2020,"Dec",367918,153324,"Massachusetts"
"MA",2021,"Jan",509503,141585,"Massachusetts"
"MA",2021,"Feb",573885,64382,"Massachusetts"
"MA",2021,"Mar",619816,45931,"Massachusetts"
"MA",2021,"Apr",686243,66427,"Massachusetts"
"MA",2021,"May",706027,19784,"Massachusetts"
"MA",2021,"Jun",709543,3516,"Massachusetts"
"MA",2021,"Jul",717944,8401,"Massachusetts"
"MA",2021,"Aug",750248,32304,"Massachusetts"
"MA",2021,"Sep",810319,60071,"Massachusetts"
"MA",2021,"Oct",848947,38628,"Massachusetts"
"MA",2021,"Nov",904407,55460,"Massachusetts"
"MA",2021,"Dec",1095825,191418,"Massachusetts"
"MA",2022,"Jan",1580605,484780,"Massachusetts"
"MA",2022,"Feb",1666622,86017,"Massachusetts"
"MA",2022,"Mar",1697165,30543,"Massachusetts"
"MA",2022,"Apr",1749776,52611,"Massachusetts"
"MA",2022,"May",1855500,105724,"Massachusetts"
"MA",2022,"Jun",1922647,67147,"Massachusetts"
"MA",2022,"Jul",1955844,33197,"Massachusetts"
"MA",2022,"Aug",1996454,40610,"Massachusetts"
"MA",2022,"Sep",2040602,44148,"Massachusetts"
"MA",2022,"Oct",2086638,46036,"Massachusetts"
"MA",2022,"Nov",2109719,23081,"Massachusetts"
"MA",2022,"Dec",2154886,45167,"Massachusetts"
"MA",2023,"Jan",2193582,38696,"Massachusetts"
"MA",2023,"Feb",2216870,23288,"Massachusetts"
"MA",2023,"Mar",2232657,15787,"Massachusetts"
"MA",2023,"Apr",2239750,7093,"Massachusetts"
"MA",2023,"May",2242176,2426,"Massachusetts"
"MD",2020,"Jan",0,0,"Maryland"
"MD",2020,"Feb",0,0,"Maryland"
"MD",2020,"Mar",425,425,"Maryland"
"MD",2020,"Apr",20850,20425,"Maryland"
"MD",2020,"May",48426,27576,"Maryland"
"MD",2020,"Jun",65338,16912,"Maryland"
"MD",2020,"Jul",86290,20952,"Maryland"
"MD",2020,"Aug",105486,19196,"Maryland"
"MD",2020,"Sep",121297,15811,"Maryland"
"MD",2020,"Oct",142425,21128,"Maryland"
"MD",2020,"Nov",188161,45736,"Maryland"
"MD",2020,"Dec",273689,85528,"Maryland"
"MD",2021,"Jan",346559,72870,"Maryland"
"MD",2021,"Feb",378490,31931,"Maryland"
"MD",2021,"Mar",402600,24110,"Maryland"
"MD",2021,"Apr",445493,42893,"Maryland"
"MD",2021,"May",458879,13386,"Maryland"
"MD",2021,"Jun",461887,3008,"Maryland"
"MD",2021,"Jul",466931,5044,"Maryland"
"MD",2021,"Aug",489930,22999,"Maryland"
"MD",2021,"Sep",530861,40931,"Maryland"
"MD",2021,"Oct",557923,27062,"Maryland"
"MD",2021,"Nov",580496,22573,"Maryland"
"MD",2021,"Dec",692261,111765,"Maryland"
"MD",2022,"Jan",965101,272840,"Maryland"
"MD",2022,"Feb",999229,34128,"Maryland"
"MD",2022,"Mar",1011498,12269,"Maryland"
"MD",2022,"Apr",1028753,17255,"Maryland"
"MD",2022,"May",1078122,49369,"Maryland"
"MD",2022,"Jun",1132805,54683,"Maryland"
"MD",2022,"Jul",1175517,42712,"Maryland"
"MD",2022,"Aug",1215687,40170,"Maryland"
"MD",2022,"Sep",1248321,32634,"Maryland"
"MD",2022,"Oct",1265975,17654,"Maryland"
"MD",2022,"Nov",1284176,18201,"Maryland"
"MD",2022,"Dec",1314971,30795,"Maryland"
"MD",2023,"Jan",1342082,27111,"Maryland"
"MD",2023,"Feb",1359115,17033,"Maryland"
"MD",2023,"Mar",1371341,12226,"Maryland"
"MD",2023,"Apr",1377152,5811,"Maryland"
"MD",2023,"May",1379385,2233,"Maryland"
"ME",2020,"Jan",0,0,"Maine"
"ME",2020,"Feb",0,0,"Maine"
"ME",2020,"Mar",142,142,"Maine"
"ME",2020,"Apr",1054,912,"Maine"
"ME",2020,"May",2136,1082,"Maine"
"ME",2020,"Jun",3018,882,"Maine"
"ME",2020,"Jul",3865,847,"Maine"
"ME",2020,"Aug",4388,523,"Maine"
"ME",2020,"Sep",5171,783,"Maine"
"ME",2020,"Oct",6386,1215,"Maine"
"ME",2020,"Nov",11027,4641,"Maine"
"ME",2020,"Dec",24201,13174,"Maine"
"ME",2021,"Jan",38454,14253,"Maine"
"ME",2021,"Feb",44118,5664,"Maine"
"ME",2021,"Mar",49190,5072,"Maine"
"ME",2021,"Apr",60945,11755,"Maine"
"ME",2021,"May",67424,6479,"Maine"
"ME",2021,"Jun",68889,1465,"Maine"
"ME",2021,"Jul",70262,1373,"Maine"
"ME",2021,"Aug",74703,4441,"Maine"
"ME",2021,"Sep",89989,15286,"Maine"
"ME",2021,"Oct",102469,12480,"Maine"
"ME",2021,"Nov",118489,16020,"Maine"
"ME",2021,"Dec",145629,27140,"Maine"
"ME",2022,"Jan",171524,25895,"Maine"
"ME",2022,"Feb",222925,51401,"Maine"
"ME",2022,"Mar",235790,12865,"Maine"
"ME",2022,"Apr",243592,7802,"Maine"
"ME",2022,"May",261587,17995,"Maine"
"ME",2022,"Jun",269926,8339,"Maine"
"ME",2022,"Jul",275482,5556,"Maine"
"ME",2022,"Aug",281162,5680,"Maine"
"ME",2022,"Sep",289066,7904,"Maine"
"ME",2022,"Oct",296746,7680,"Maine"
"ME",2022,"Nov",300713,3967,"Maine"
"ME",2022,"Dec",305984,5271,"Maine"
"ME",2023,"Jan",310902,4918,"Maine"
"ME",2023,"Feb",315068,4166,"Maine"
"ME",2023,"Mar",320678,5610,"Maine"
"ME",2023,"Apr",322448,1770,"Maine"
"ME",2023,"May",322982,534,"Maine"
"MI",2020,"Jan",0,0,"Michigan"
"MI",2020,"Feb",0,0,"Michigan"
"MI",2020,"Mar",2465,2465,"Michigan"
"MI",2020,"Apr",42373,39908,"Michigan"
"MI",2020,"May",60590,18217,"Michigan"
"MI",2020,"Jun",68556,7966,"Michigan"
"MI",2020,"Jul",88969,20413,"Michigan"
"MI",2020,"Aug",109484,20515,"Michigan"
"MI",2020,"Sep",131252,21768,"Michigan"
"MI",2020,"Oct",185936,54684,"Michigan"
"MI",2020,"Nov",352433,166497,"Michigan"
"MI",2020,"Dec",528593,176160,"Michigan"
"MI",2021,"Jan",604227,75634,"Michigan"
"MI",2021,"Feb",641268,37041,"Michigan"
"MI",2021,"Mar",706552,65284,"Michigan"
"MI",2021,"Apr",928407,221855,"Michigan"
"MI",2021,"May",989999,61592,"Michigan"
"MI",2021,"Jun",998852,8853,"Michigan"
"MI",2021,"Jul",1008428,9576,"Michigan"
"MI",2021,"Aug",1050153,41725,"Michigan"
"MI",2021,"Sep",1150064,99911,"Michigan"
"MI",2021,"Oct",1265381,115317,"Michigan"
"MI",2021,"Nov",1447230,181849,"Michigan"
"MI",2021,"Dec",1710325,263095,"Michigan"
"MI",2022,"Jan",2203646,493321,"Michigan"
"MI",2022,"Feb",2350468,146822,"Michigan"
"MI",2022,"Mar",2387497,37029,"Michigan"
"MI",2022,"Apr",2425946,38449,"Michigan"
"MI",2022,"May",2527831,101885,"Michigan"
"MI",2022,"Jun",2606431,78600,"Michigan"
"MI",2022,"Jul",2672312,65881,"Michigan"
"MI",2022,"Aug",2751201,78889,"Michigan"
"MI",2022,"Sep",2836167,84966,"Michigan"
"MI",2022,"Oct",2886176,50009,"Michigan"
"MI",2022,"Nov",2929612,43436,"Michigan"
"MI",2022,"Dec",2988654,59042,"Michigan"
"MI",2023,"Jan",3024475,35821,"Michigan"
"MI",2023,"Feb",3049739,25264,"Michigan"
"MI",2023,"Mar",3084114,34375,"Michigan"
"MI",2023,"Apr",3101014,16900,"Michigan"
"MI",2023,"May",3106362,5348,"Michigan"
"MN",2020,"Jan",0,0,"Minnesota"
"MN",2020,"Feb",0,0,"Minnesota"
"MN",2020,"Mar",283,283,"Minnesota"
"MN",2020,"Apr",4639,4356,"Minnesota"
"MN",2020,"May",22393,17754,"Minnesota"
"MN",2020,"Jun",33700,11307,"Minnesota"
"MN",2020,"Jul",52812,19112,"Minnesota"
"MN",2020,"Aug",71104,18292,"Minnesota"
"MN",2020,"Sep",91929,20825,"Minnesota"
"MN",2020,"Oct",139232,47303,"Minnesota"
"MN",2020,"Nov",288759,149527,"Minnesota"
"MN",2020,"Dec",412377,123618,"Minnesota"
"MN",2021,"Jan",456613,44236,"Minnesota"
"MN",2021,"Feb",480285,23672,"Minnesota"
"MN",2021,"Mar",508037,27752,"Minnesota"
"MN",2021,"Apr",571445,63408,"Minnesota"
"MN",2021,"May",599287,27842,"Minnesota"
"MN",2021,"Jun",604301,5014,"Minnesota"
"MN",2021,"Jul",611101,6800,"Minnesota"
"MN",2021,"Aug",640059,28958,"Minnesota"
"MN",2021,"Sep",707908,67849,"Minnesota"
"MN",2021,"Oct",781358,73450,"Minnesota"
"MN",2021,"Nov",890942,109584,"Minnesota"
"MN",2021,"Dec",1015218,124276,"Minnesota"
"MN",2022,"Jan",1279853,264635,"Minnesota"
"MN",2022,"Feb",1409761,129908,"Minnesota"
"MN",2022,"Mar",1428858,19097,"Minnesota"
"MN",2022,"Apr",1448803,19945,"Minnesota"
"MN",2022,"May",1500462,51659,"Minnesota"
"MN",2022,"Jun",1552792,52330,"Minnesota"
"MN",2022,"Jul",1590518,37726,"Minnesota"
"MN",2022,"Aug",1630775,40257,"Minnesota"
"MN",2022,"Sep",1664763,33988,"Minnesota"
"MN",2022,"Oct",1686001,21238,"Minnesota"
"MN",2022,"Nov",1707857,21856,"Minnesota"
"MN",2022,"Dec",1734641,26784,"Minnesota"
"MN",2023,"Jan",1752889,18248,"Minnesota"
"MN",2023,"Feb",1769992,17103,"Minnesota"
"MN",2023,"Mar",1786691,16699,"Minnesota"
"MN",2023,"Apr",1793332,6641,"Minnesota"
"MN",2023,"May",1795771,2439,"Minnesota"
"MO",2020,"Jan",0,0,"Missouri"
"MO",2020,"Feb",0,0,"Missouri"
"MO",2020,"Mar",417,417,"Missouri"
"MO",2020,"Apr",7596,7179,"Missouri"
"MO",2020,"May",12914,5318,"Missouri"
"MO",2020,"Jun",19757,6843,"Missouri"
"MO",2020,"Jul",48856,29099,"Missouri"
"MO",2020,"Aug",79840,30984,"Missouri"
"MO",2020,"Sep",120605,40765,"Missouri"
"MO",2020,"Oct",184999,64394,"Missouri"
"MO",2020,"Nov",303511,118512,"Missouri"
"MO",2020,"Dec",430300,126789,"Missouri"
"MO",2021,"Jan",512607,82307,"Missouri"
"MO",2021,"Feb",545392,32785,"Missouri"
"MO",2021,"Mar",562675,17283,"Missouri"
"MO",2021,"Apr",584076,21401,"Missouri"
"MO",2021,"May",598140,14064,"Missouri"
"MO",2021,"Jun",613824,15684,"Missouri"
"MO",2021,"Jul",674619,60795,"Missouri"
"MO",2021,"Aug",748241,73622,"Missouri"
"MO",2021,"Sep",820742,72501,"Missouri"
"MO",2021,"Oct",853316,32574,"Missouri"
"MO",2021,"Nov",891479,38163,"Missouri"
"MO",2021,"Dec",997414,105935,"Missouri"
"MO",2022,"Jan",1296011,298597,"Missouri"
"MO",2022,"Feb",1386752,90741,"Missouri"
"MO",2022,"Mar",1405248,18496,"Missouri"
"MO",2022,"Apr",1419080,13832,"Missouri"
"MO",2022,"May",1445982,26902,"Missouri"
"MO",2022,"Jun",1503043,57061,"Missouri"
"MO",2022,"Jul",1560462,57419,"Missouri"
"MO",2022,"Aug",1604409,43947,"Missouri"
"MO",2022,"Sep",1646898,42489,"Missouri"
"MO",2022,"Oct",1666306,19408,"Missouri"
"MO",2022,"Nov",1686461,20155,"Missouri"
"MO",2022,"Dec",1723473,37012,"Missouri"
"MO",2023,"Jan",1744569,21096,"Missouri"
"MO",2023,"Feb",1760532,15963,"Missouri"
"MO",2023,"Mar",1777894,17362,"Missouri"
"MO",2023,"Apr",1787261,9367,"Missouri"
"MO",2023,"May",1790763,3502,"Missouri"
"MP",2020,"Jan",0,0,NA
"MP",2020,"Feb",0,0,NA
"MP",2020,"Mar",0,0,NA
"MP",2020,"Apr",14,14,NA
"MP",2020,"May",22,8,NA
"MP",2020,"Jun",30,8,NA
"MP",2020,"Jul",40,10,NA
"MP",2020,"Aug",54,14,NA
"MP",2020,"Sep",69,15,NA
"MP",2020,"Oct",92,23,NA
"MP",2020,"Nov",104,12,NA
"MP",2020,"Dec",122,18,NA
"MP",2021,"Jan",132,10,NA
"MP",2021,"Feb",143,11,NA
"MP",2021,"Mar",158,15,NA
"MP",2021,"Apr",164,6,NA
"MP",2021,"May",181,17,NA
"MP",2021,"Jun",183,2,NA
"MP",2021,"Jul",190,7,NA
"MP",2021,"Aug",229,39,NA
"MP",2021,"Sep",268,39,NA
"MP",2021,"Oct",291,23,NA
"MP",2021,"Nov",604,313,NA
"MP",2021,"Dec",3085,2481,NA
"MP",2022,"Jan",4564,1479,NA
"MP",2022,"Feb",9265,4701,NA
"MP",2022,"Mar",11065,1800,NA
"MP",2022,"Apr",11263,198,NA
"MP",2022,"May",11333,70,NA
"MP",2022,"Jun",11829,496,NA
"MP",2022,"Jul",12573,744,NA
"MP",2022,"Aug",13050,477,NA
"MP",2022,"Sep",13171,121,NA
"MP",2022,"Oct",13209,38,NA
"MP",2022,"Nov",13222,13,NA
"MP",2022,"Dec",13335,113,NA
"MP",2023,"Jan",13509,174,NA
"MP",2023,"Feb",13637,128,NA
"MP",2023,"Mar",13787,150,NA
"MP",2023,"Apr",13851,64,NA
"MP",2023,"May",13886,35,NA
"MS",2020,"Jan",0,0,"Mississippi"
"MS",2020,"Feb",0,0,"Mississippi"
"MS",2020,"Mar",377,377,"Mississippi"
"MS",2020,"Apr",6565,6188,"Mississippi"
"MS",2020,"May",14050,7485,"Mississippi"
"MS",2020,"Jun",23434,9384,"Mississippi"
"MS",2020,"Jul",55804,32370,"Mississippi"
"MS",2020,"Aug",80098,24294,"Mississippi"
"MS",2020,"Sep",94571,14473,"Mississippi"
"MS",2020,"Oct",117617,23046,"Mississippi"
"MS",2020,"Nov",145636,28019,"Mississippi"
"MS",2020,"Dec",213055,67419,"Mississippi"
"MS",2021,"Jan",268672,55617,"Mississippi"
"MS",2021,"Feb",291892,23220,"Mississippi"
"MS",2021,"Mar",303625,11733,"Mississippi"
"MS",2021,"Apr",311359,7734,"Mississippi"
"MS",2021,"May",317064,5705,"Mississippi"
"MS",2021,"Jun",320292,3228,"Mississippi"
"MS",2021,"Jul",339954,19662,"Mississippi"
"MS",2021,"Aug",420174,80220,"Mississippi"
"MS",2021,"Sep",487293,67119,"Mississippi"
"MS",2021,"Oct",503666,16373,"Mississippi"
"MS",2021,"Nov",512632,8966,"Mississippi"
"MS",2021,"Dec",538852,26220,"Mississippi"
"MS",2022,"Jan",705598,166746,"Mississippi"
"MS",2022,"Feb",787939,82341,"Mississippi"
"MS",2022,"Mar",794427,6488,"Mississippi"
"MS",2022,"Apr",797249,2822,"Mississippi"
"MS",2022,"May",805800,8551,"Mississippi"
"MS",2022,"Jun",832212,26412,"Mississippi"
"MS",2022,"Jul",872265,40053,"Mississippi"
"MS",2022,"Aug",904905,32640,"Mississippi"
"MS",2022,"Sep",927465,22560,"Mississippi"
"MS",2022,"Oct",933065,5600,"Mississippi"
"MS",2022,"Nov",938189,5124,"Mississippi"
"MS",2022,"Dec",955145,16956,"Mississippi"
"MS",2023,"Jan",974487,19342,"Mississippi"
"MS",2023,"Feb",987105,12618,"Mississippi"
"MS",2023,"Mar",994313,7208,"Mississippi"
"MS",2023,"Apr",998627,4314,"Mississippi"
"MS",2023,"May",1000415,1788,"Mississippi"
"MT",2020,"Jan",0,0,"Montana"
"MT",2020,"Feb",0,0,"Montana"
"MT",2020,"Mar",65,65,"Montana"
"MT",2020,"Apr",451,386,"Montana"
"MT",2020,"May",481,30,"Montana"
"MT",2020,"Jun",765,284,"Montana"
"MT",2020,"Jul",3673,2908,"Montana"
"MT",2020,"Aug",6787,3114,"Montana"
"MT",2020,"Sep",10913,4126,"Montana"
"MT",2020,"Oct",29968,19055,"Montana"
"MT",2020,"Nov",58568,28600,"Montana"
"MT",2020,"Dec",81225,22657,"Montana"
"MT",2021,"Jan",92539,11314,"Montana"
"MT",2021,"Feb",99237,6698,"Montana"
"MT",2021,"Mar",103658,4421,"Montana"
"MT",2021,"Apr",108482,4824,"Montana"
"MT",2021,"May",111455,2973,"Montana"
"MT",2021,"Jun",113402,1947,"Montana"
"MT",2021,"Jul",115889,2487,"Montana"
"MT",2021,"Aug",124277,8388,"Montana"
"MT",2021,"Sep",149824,25547,"Montana"
"MT",2021,"Oct",174084,24260,"Montana"
"MT",2021,"Nov",189678,15594,"Montana"
"MT",2021,"Dec",197060,7382,"Montana"
"MT",2022,"Jan",233056,35996,"Montana"
"MT",2022,"Feb",264274,31218,"Montana"
"MT",2022,"Mar",272542,8268,"Montana"
"MT",2022,"Apr",273782,1240,"Montana"
"MT",2022,"May",277497,3715,"Montana"
"MT",2022,"Jun",287143,9646,"Montana"
"MT",2022,"Jul",296598,9455,"Montana"
"MT",2022,"Aug",304168,7570,"Montana"
"MT",2022,"Sep",310731,6563,"Montana"
"MT",2022,"Oct",314564,3833,"Montana"
"MT",2022,"Nov",318105,3541,"Montana"
"MT",2022,"Dec",323054,4949,"Montana"
"MT",2023,"Jan",325752,2698,"Montana"
"MT",2023,"Feb",328667,2915,"Montana"
"MT",2023,"Mar",331907,3240,"Montana"
"MT",2023,"Apr",333508,1601,"Montana"
"MT",2023,"May",333959,451,"Montana"
"NC",2020,"Jan",0,0,"North Carolina"
"NC",2020,"Feb",0,0,"North Carolina"
"NC",2020,"Mar",661,661,"North Carolina"
"NC",2020,"Apr",10705,10044,"North Carolina"
"NC",2020,"May",25582,14877,"North Carolina"
"NC",2020,"Jun",57535,31953,"North Carolina"
"NC",2020,"Jul",120831,63296,"North Carolina"
"NC",2020,"Aug",164014,43183,"North Carolina"
"NC",2020,"Sep",202192,38178,"North Carolina"
"NC",2020,"Oct",268765,66573,"North Carolina"
"NC",2020,"Nov",352968,84203,"North Carolina"
"NC",2020,"Dec",547822,194854,"North Carolina"
"NC",2021,"Jan",744761,196939,"North Carolina"
"NC",2021,"Feb",847814,103053,"North Carolina"
"NC",2021,"Mar",895342,47528,"North Carolina"
"NC",2021,"Apr",957286,61944,"North Carolina"
"NC",2021,"May",988460,31174,"North Carolina"
"NC",2021,"Jun",1000586,12126,"North Carolina"
"NC",2021,"Jul",1039124,38538,"North Carolina"
"NC",2021,"Aug",1180874,141750,"North Carolina"
"NC",2021,"Sep",1394982,214108,"North Carolina"
"NC",2021,"Oct",1468881,73899,"North Carolina"
"NC",2021,"Nov",1518363,49482,"North Carolina"
"NC",2021,"Dec",1674220,155857,"North Carolina"
"NC",2022,"Jan",2401014,726794,"North Carolina"
"NC",2022,"Feb",2605450,204436,"North Carolina"
"NC",2022,"Mar",2634008,28558,"North Carolina"
"NC",2022,"Apr",2664524,30516,"North Carolina"
"NC",2022,"May",2754991,90467,"North Carolina"
"NC",2022,"Jun",2867219,112228,"North Carolina"
"NC",2022,"Jul",2983131,115912,"North Carolina"
"NC",2022,"Aug",3098924,115793,"North Carolina"
"NC",2022,"Sep",3198867,99943,"North Carolina"
"NC",2022,"Oct",3237440,38573,"North Carolina"
"NC",2022,"Nov",3268498,31058,"North Carolina"
"NC",2022,"Dec",3316814,48316,"North Carolina"
"NC",2023,"Jan",3412542,95728,"North Carolina"
"NC",2023,"Feb",3459595,47053,"North Carolina"
"NC",2023,"Mar",3485651,26056,"North Carolina"
"NC",2023,"Apr",3496830,11179,"North Carolina"
"NC",2023,"May",3501404,4574,"North Carolina"
"ND",2020,"Jan",0,0,"North Dakota"
"ND",2020,"Feb",0,0,"North Dakota"
"ND",2020,"Mar",45,45,"North Dakota"
"ND",2020,"Apr",1033,988,"North Dakota"
"ND",2020,"May",2438,1405,"North Dakota"
"ND",2020,"Jun",3361,923,"North Dakota"
"ND",2020,"Jul",6226,2865,"North Dakota"
"ND",2020,"Aug",10462,4236,"North Dakota"
"ND",2020,"Sep",18981,8519,"North Dakota"
"ND",2020,"Oct",39910,20929,"North Dakota"
"ND",2020,"Nov",75480,35570,"North Dakota"
"ND",2020,"Dec",92492,17012,"North Dakota"
"ND",2021,"Jan",97147,4655,"North Dakota"
"ND",2021,"Feb",99527,2380,"North Dakota"
"ND",2021,"Mar",101997,2470,"North Dakota"
"ND",2021,"Apr",107153,5156,"North Dakota"
"ND",2021,"May",109778,2625,"North Dakota"
"ND",2021,"Jun",110606,828,"North Dakota"
"ND",2021,"Jul",111409,803,"North Dakota"
"ND",2021,"Aug",115666,4257,"North Dakota"
"ND",2021,"Sep",131400,15734,"North Dakota"
"ND",2021,"Oct",146387,14987,"North Dakota"
"ND",2021,"Nov",159844,13457,"North Dakota"
"ND",2021,"Dec",172607,12763,"North Dakota"
"ND",2022,"Jan",216810,44203,"North Dakota"
"ND",2022,"Feb",237302,20492,"North Dakota"
"ND",2022,"Mar",239667,2365,"North Dakota"
"ND",2022,"Apr",240710,1043,"North Dakota"
"ND",2022,"May",243340,2630,"North Dakota"
"ND",2022,"Jun",248961,5621,"North Dakota"
"ND",2022,"Jul",255475,6514,"North Dakota"
"ND",2022,"Aug",262554,7079,"North Dakota"
"ND",2022,"Sep",268307,5753,"North Dakota"
"ND",2022,"Oct",271912,3605,"North Dakota"
"ND",2022,"Nov",275510,3598,"North Dakota"
"ND",2022,"Dec",280043,4533,"North Dakota"
"ND",2023,"Jan",282170,2127,"North Dakota"
"ND",2023,"Feb",285380,3210,"North Dakota"
"ND",2023,"Mar",288603,3223,"North Dakota"
"ND",2023,"Apr",290489,1886,"North Dakota"
"ND",2023,"May",291093,604,"North Dakota"
"NE",2020,"Jan",0,0,"Nebraska"
"NE",2020,"Feb",0,0,"Nebraska"
"NE",2020,"Mar",74,74,"Nebraska"
"NE",2020,"Apr",3796,3722,"Nebraska"
"NE",2020,"May",12515,8719,"Nebraska"
"NE",2020,"Jun",17599,5084,"Nebraska"
"NE",2020,"Jul",24655,7056,"Nebraska"
"NE",2020,"Aug",31743,7088,"Nebraska"
"NE",2020,"Sep",40926,9183,"Nebraska"
"NE",2020,"Oct",65226,24300,"Nebraska"
"NE",2020,"Nov",117895,52669,"Nebraska"
"NE",2020,"Dec",162644,44749,"Nebraska"
"NE",2021,"Jan",186481,23837,"Nebraska"
"NE",2021,"Feb",197529,11048,"Nebraska"
"NE",2021,"Mar",205468,7939,"Nebraska"
"NE",2021,"Apr",216609,11141,"Nebraska"
"NE",2021,"May",219994,3385,"Nebraska"
"NE",2021,"Jun",220978,984,"Nebraska"
"NE",2021,"Jul",224716,3738,"Nebraska"
"NE",2021,"Aug",237045,12329,"Nebraska"
"NE",2021,"Sep",262459,25414,"Nebraska"
"NE",2021,"Oct",279491,17032,"Nebraska"
"NE",2021,"Nov",303596,24105,"Nebraska"
"NE",2021,"Dec",336062,32466,"Nebraska"
"NE",2022,"Jan",439853,103791,"Nebraska"
"NE",2022,"Feb",465651,25798,"Nebraska"
"NE",2022,"Mar",469275,3624,"Nebraska"
"NE",2022,"Apr",471572,2297,"Nebraska"
"NE",2022,"May",477709,6137,"Nebraska"
"NE",2022,"Jun",491781,14072,"Nebraska"
"NE",2022,"Jul",506962,15181,"Nebraska"
"NE",2022,"Aug",519181,12219,"Nebraska"
"NE",2022,"Sep",528960,9779,"Nebraska"
"NE",2022,"Oct",533603,4643,"Nebraska"
"NE",2022,"Nov",541150,7547,"Nebraska"
"NE",2022,"Dec",555094,13944,"Nebraska"
"NE",2023,"Jan",559704,4610,"Nebraska"
"NE",2023,"Feb",564345,4641,"Nebraska"
"NE",2023,"Mar",571602,7257,"Nebraska"
"NE",2023,"Apr",574379,2777,"Nebraska"
"NE",2023,"May",575134,755,"Nebraska"
"NH",2020,"Jan",0,0,"New Hampshire"
"NH",2020,"Feb",0,0,"New Hampshire"
"NH",2020,"Mar",108,108,"New Hampshire"
"NH",2020,"Apr",2058,1950,"New Hampshire"
"NH",2020,"May",4286,2228,"New Hampshire"
"NH",2020,"Jun",5598,1312,"New Hampshire"
"NH",2020,"Jul",6513,915,"New Hampshire"
"NH",2020,"Aug",7156,643,"New Hampshire"
"NH",2020,"Sep",8007,851,"New Hampshire"
"NH",2020,"Oct",10641,2634,"New Hampshire"
"NH",2020,"Nov",18846,8205,"New Hampshire"
"NH",2020,"Dec",43242,24396,"New Hampshire"
"NH",2021,"Jan",63563,20321,"New Hampshire"
"NH",2021,"Feb",74258,10695,"New Hampshire"
"NH",2021,"Mar",81521,7263,"New Hampshire"
"NH",2021,"Apr",94405,12884,"New Hampshire"
"NH",2021,"May",98470,4065,"New Hampshire"
"NH",2021,"Jun",99366,896,"New Hampshire"
"NH",2021,"Jul",100465,1099,"New Hampshire"
"NH",2021,"Aug",105883,5418,"New Hampshire"
"NH",2021,"Sep",119720,13837,"New Hampshire"
"NH",2021,"Oct",132441,12721,"New Hampshire"
"NH",2021,"Nov",155711,23270,"New Hampshire"
"NH",2021,"Dec",196656,40945,"New Hampshire"
"NH",2022,"Jan",267800,71144,"New Hampshire"
"NH",2022,"Feb",295701,27901,"New Hampshire"
"NH",2022,"Mar",302383,6682,"New Hampshire"
"NH",2022,"Apr",309193,6810,"New Hampshire"
"NH",2022,"May",323326,14133,"New Hampshire"
"NH",2022,"Jun",331883,8557,"New Hampshire"
"NH",2022,"Jul",337834,5951,"New Hampshire"
"NH",2022,"Aug",343190,5356,"New Hampshire"
"NH",2022,"Sep",349851,6661,"New Hampshire"
"NH",2022,"Oct",356348,6497,"New Hampshire"
"NH",2022,"Nov",360483,4135,"New Hampshire"
"NH",2022,"Dec",366957,6474,"New Hampshire"
"NH",2023,"Jan",372783,5826,"New Hampshire"
"NH",2023,"Feb",376513,3730,"New Hampshire"
"NH",2023,"Mar",379998,3485,"New Hampshire"
"NH",2023,"Apr",381441,1443,"New Hampshire"
"NH",2023,"May",382013,572,"New Hampshire"
"NJ",2020,"Jan",0,0,"New Jersey"
"NJ",2020,"Feb",0,0,"New Jersey"
"NJ",2020,"Mar",4402,4402,"New Jersey"
"NJ",2020,"Apr",116365,111963,"New Jersey"
"NJ",2020,"May",156909,40544,"New Jersey"
"NJ",2020,"Jun",170068,13159,"New Jersey"
"NJ",2020,"Jul",182797,12729,"New Jersey"
"NJ",2020,"Aug",193652,10855,"New Jersey"
"NJ",2020,"Sep",205771,12119,"New Jersey"
"NJ",2020,"Oct",243995,38224,"New Jersey"
"NJ",2020,"Nov",345398,101403,"New Jersey"
"NJ",2020,"Dec",523295,177897,"New Jersey"
"NJ",2021,"Jan",676537,153242,"New Jersey"
"NJ",2021,"Feb",775386,98849,"New Jersey"
"NJ",2021,"Mar",877936,102550,"New Jersey"
"NJ",2021,"Apr",993123,115187,"New Jersey"
"NJ",2021,"May",1014971,21848,"New Jersey"
"NJ",2021,"Jun",1021822,6851,"New Jersey"
"NJ",2021,"Jul",1035975,14153,"New Jersey"
"NJ",2021,"Aug",1079900,43925,"New Jersey"
"NJ",2021,"Sep",1152243,72343,"New Jersey"
"NJ",2021,"Oct",1193201,40958,"New Jersey"
"NJ",2021,"Nov",1238359,45158,"New Jersey"
"NJ",2021,"Dec",1495354,256995,"New Jersey"
"NJ",2022,"Jan",2085385,590031,"New Jersey"
"NJ",2022,"Feb",2161191,75806,"New Jersey"
"NJ",2022,"Mar",2198339,37148,"New Jersey"
"NJ",2022,"Apr",2252044,53705,"New Jersey"
"NJ",2022,"May",2370508,118464,"New Jersey"
"NJ",2022,"Jun",2484840,114332,"New Jersey"
"NJ",2022,"Jul",2582494,97654,"New Jersey"
"NJ",2022,"Aug",2661873,79379,"New Jersey"
"NJ",2022,"Sep",2735732,73859,"New Jersey"
"NJ",2022,"Oct",2787227,51495,"New Jersey"
"NJ",2022,"Nov",2835549,48322,"New Jersey"
"NJ",2022,"Dec",2919724,84175,"New Jersey"
"NJ",2023,"Jan",2991112,71388,"New Jersey"
"NJ",2023,"Feb",3036231,45119,"New Jersey"
"NJ",2023,"Mar",3060785,24554,"New Jersey"
"NJ",2023,"Apr",3072009,11224,"New Jersey"
"NJ",2023,"May",3075271,3262,"New Jersey"
"NM",2020,"Jan",0,0,"New Mexico"
"NM",2020,"Feb",0,0,"New Mexico"
"NM",2020,"Mar",113,113,"New Mexico"
"NM",2020,"Apr",3213,3100,"New Mexico"
"NM",2020,"May",7251,4038,"New Mexico"
"NM",2020,"Jun",10990,3739,"New Mexico"
"NM",2020,"Jul",20136,9146,"New Mexico"
"NM",2020,"Aug",24730,4594,"New Mexico"
"NM",2020,"Sep",27981,3251,"New Mexico"
"NM",2020,"Oct",43827,15846,"New Mexico"
"NM",2020,"Nov",88102,44275,"New Mexico"
"NM",2020,"Dec",141186,53084,"New Mexico"
"NM",2021,"Jan",171047,29861,"New Mexico"
"NM",2021,"Feb",183779,12732,"New Mexico"
"NM",2021,"Mar",190272,6493,"New Mexico"
"NM",2021,"Apr",197213,6941,"New Mexico"
"NM",2021,"May",202570,5357,"New Mexico"
"NM",2021,"Jun",205131,2561,"New Mexico"
"NM",2021,"Jul",209684,4553,"New Mexico"
"NM",2021,"Aug",227636,17952,"New Mexico"
"NM",2021,"Sep",252017,24381,"New Mexico"
"NM",2021,"Oct",272855,20838,"New Mexico"
"NM",2021,"Nov",308091,35236,"New Mexico"
"NM",2021,"Dec",347831,39740,"New Mexico"
"NM",2022,"Jan",460062,112231,"New Mexico"
"NM",2022,"Feb",509704,49642,"New Mexico"
"NM",2022,"Mar",517743,8039,"New Mexico"
"NM",2022,"Apr",521814,4071,"New Mexico"
"NM",2022,"May",532240,10426,"New Mexico"
"NM",2022,"Jun",562791,30551,"New Mexico"
"NM",2022,"Jul",588805,26014,"New Mexico"
"NM",2022,"Aug",608006,19201,"New Mexico"
"NM",2022,"Sep",618125,10119,"New Mexico"
"NM",2022,"Oct",626168,8043,"New Mexico"
"NM",2022,"Nov",642634,16466,"New Mexico"
"NM",2022,"Dec",658364,15730,"New Mexico"
"NM",2023,"Jan",664024,5660,"New Mexico"
"NM",2023,"Feb",668288,4264,"New Mexico"
"NM",2023,"Mar",674675,6387,"New Mexico"
"NM",2023,"Apr",679483,4808,"New Mexico"
"NM",2023,"May",681242,1759,"New Mexico"
"NV",2020,"Jan",0,0,"Nevada"
"NV",2020,"Feb",0,0,"Nevada"
"NV",2020,"Mar",323,323,"Nevada"
"NV",2020,"Apr",4934,4611,"Nevada"
"NV",2020,"May",8149,3215,"Nevada"
"NV",2020,"Jun",14360,6211,"Nevada"
"NV",2020,"Jul",45807,31447,"Nevada"
"NV",2020,"Aug",66667,20860,"Nevada"
"NV",2020,"Sep",76807,10140,"Nevada"
"NV",2020,"Oct",97479,20672,"Nevada"
"NV",2020,"Nov",142239,44760,"Nevada"
"NV",2020,"Dec",222595,80356,"Nevada"
"NV",2021,"Jan",273873,51278,"Nevada"
"NV",2021,"Feb",292059,18186,"Nevada"
"NV",2021,"Mar",301727,9668,"Nevada"
"NV",2021,"Apr",314475,12748,"Nevada"
"NV",2021,"May",323249,8774,"Nevada"
"NV",2021,"Jun",330362,7113,"Nevada"
"NV",2021,"Jul",353743,23381,"Nevada"
"NV",2021,"Aug",384116,30373,"Nevada"
"NV",2021,"Sep",420115,35999,"Nevada"
"NV",2021,"Oct",437452,17337,"Nevada"
"NV",2021,"Nov",454726,17274,"Nevada"
"NV",2021,"Dec",481330,26604,"Nevada"
"NV",2022,"Jan",636701,155371,"Nevada"
"NV",2022,"Feb",673512,36811,"Nevada"
"NV",2022,"Mar",706754,33242,"Nevada"
"NV",2022,"Apr",712280,5526,"Nevada"
"NV",2022,"May",728449,16169,"Nevada"
"NV",2022,"Jun",766699,38250,"Nevada"
"NV",2022,"Jul",819041,52342,"Nevada"
"NV",2022,"Aug",832159,13118,"Nevada"
"NV",2022,"Sep",847332,15173,"Nevada"
"NV",2022,"Oct",852958,5626,"Nevada"
"NV",2022,"Nov",861746,8788,"Nevada"
"NV",2022,"Dec",876115,14369,"Nevada"
"NV",2023,"Jan",882909,6794,"Nevada"
"NV",2023,"Feb",887800,4891,"Nevada"
"NV",2023,"Mar",893836,5689,"Nevada"
"NV",2023,"Apr",897265,3429,"Nevada"
"NV",2023,"May",898511,1246,"Nevada"
"NY",2020,"Jan",0,0,"New York"
"NY",2020,"Feb",0,0,"New York"
"NY",2020,"Mar",12985,12985,"New York"
"NY",2020,"Apr",134850,121865,"New York"
"NY",2020,"May",164997,30147,"New York"
"NY",2020,"Jun",176318,11321,"New York"
"NY",2020,"Jul",189042,12724,"New York"
"NY",2020,"Aug",198515,9473,"New York"
"NY",2020,"Sep",210805,12290,"New York"
"NY",2020,"Oct",240130,29325,"New York"
"NY",2020,"Nov",313075,72945,"New York"
"NY",2020,"Dec",537372,224297,"New York"
"NY",2021,"Jan",784719,247347,"New York"
"NY",2021,"Feb",903553,118834,"New York"
"NY",2021,"Mar",998472,94919,"New York"
"NY",2021,"Apr",1114602,116130,"New York"
"NY",2021,"May",1148803,34201,"New York"
"NY",2021,"Jun",1156589,7786,"New York"
"NY",2021,"Jul",1169008,12419,"New York"
"NY",2021,"Aug",1225101,56093,"New York"
"NY",2021,"Sep",1337566,112465,"New York"
"NY",2021,"Oct",1425273,87707,"New York"
"NY",2021,"Nov",1541026,115753,"New York"
"NY",2021,"Dec",1861178,320152,"New York"
"NY",2022,"Jan",2517935,656757,"New York"
"NY",2022,"Feb",2624707,106772,"New York"
"NY",2022,"Mar",2669194,44487,"New York"
"NY",2022,"Apr",2762939,93745,"New York"
"NY",2022,"May",2911805,148866,"New York"
"NY",2022,"Jun",3000122,88317,"New York"
"NY",2022,"Jul",3077690,77568,"New York"
"NY",2022,"Aug",3148449,70759,"New York"
"NY",2022,"Sep",3229569,81120,"New York"
"NY",2022,"Oct",3292517,62948,"New York"
"NY",2022,"Nov",3342995,50478,"New York"
"NY",2022,"Dec",3428280,85285,"New York"
"NY",2023,"Jan",3488787,60507,"New York"
"NY",2023,"Feb",3529466,40679,"New York"
"NY",2023,"Mar",3556947,27481,"New York"
"NY",2023,"Apr",3568357,11410,"New York"
"NY",2023,"May",3572043,3686,"New York"
"NYC",2020,"Jan",0,0,NA
"NYC",2020,"Feb",0,0,NA
"NYC",2020,"Mar",17856,17856,NA
"NYC",2020,"Apr",169082,151226,NA
"NYC",2020,"May",203285,34203,NA
"NYC",2020,"Jun",215566,12281,NA
"NYC",2020,"Jul",227615,12049,NA
"NYC",2020,"Aug",235080,7465,NA
"NYC",2020,"Sep",243494,8414,NA
"NYC",2020,"Oct",264559,21065,NA
"NYC",2020,"Nov",307561,43002,NA
"NYC",2020,"Dec",426018,118457,NA
"NYC",2021,"Jan",584353,158335,NA
"NYC",2021,"Feb",707478,123125,NA
"NYC",2021,"Mar",818046,110568,NA
"NYC",2021,"Apr",925846,107800,NA
"NYC",2021,"May",949295,23449,NA
"NYC",2021,"Jun",956060,6765,NA
"NYC",2021,"Jul",973124,17064,NA
"NYC",2021,"Aug",1023690,50566,NA
"NYC",2021,"Sep",1084189,60499,NA
"NYC",2021,"Oct",1119158,34969,NA
"NYC",2021,"Nov",1151116,31958,NA
"NYC",2021,"Dec",1469225,318109,NA
"NYC",2022,"Jan",2226601,757376,NA
"NYC",2022,"Feb",2286988,60387,NA
"NYC",2022,"Mar",2318257,31269,NA
"NYC",2022,"Apr",2376310,58053,NA
"NYC",2022,"May",2482802,106492,NA
"NYC",2022,"Jun",2598361,115559,NA
"NYC",2022,"Jul",2715177,116816,NA
"NYC",2022,"Aug",2802836,87659,NA
"NYC",2022,"Sep",2872997,70161,NA
"NYC",2022,"Oct",2928439,55442,NA
"NYC",2022,"Nov",2996602,68163,NA
"NYC",2022,"Dec",3117779,121177,NA
"NYC",2023,"Jan",3196773,78994,NA
"NYC",2023,"Feb",3235155,38382,NA
"NYC",2023,"Mar",3254897,19742,NA
"NYC",2023,"Apr",3262546,7649,NA
"NYC",2023,"May",3266726,4180,NA
"OH",2020,"Jan",0,0,"Ohio"
"OH",2020,"Feb",0,0,"Ohio"
"OH",2020,"Mar",705,705,"Ohio"
"OH",2020,"Apr",17303,16598,"Ohio"
"OH",2020,"May",33442,16139,"Ohio"
"OH",2020,"Jun",46760,13318,"Ohio"
"OH",2020,"Jul",87893,41133,"Ohio"
"OH",2020,"Aug",117586,29693,"Ohio"
"OH",2020,"Sep",146754,29168,"Ohio"
"OH",2020,"Oct",205347,58593,"Ohio"
"OH",2020,"Nov",382743,177396,"Ohio"
"OH",2020,"Dec",690748,308005,"Ohio"
"OH",2021,"Jan",878284,187536,"Ohio"
"OH",2021,"Feb",960007,81723,"Ohio"
"OH",2021,"Mar",1004670,44663,"Ohio"
"OH",2021,"Apr",1068985,64315,"Ohio"
"OH",2021,"May",1099580,30595,"Ohio"
"OH",2021,"Jun",1109701,10121,"Ohio"
"OH",2021,"Jul",1125421,15720,"Ohio"
"OH",2021,"Aug",1192478,67057,"Ohio"
"OH",2021,"Sep",1407442,214964,"Ohio"
"OH",2021,"Oct",1531815,124373,"Ohio"
"OH",2021,"Nov",1660131,128316,"Ohio"
"OH",2021,"Dec",1975723,315592,"Ohio"
"OH",2022,"Jan",2540864,565141,"Ohio"
"OH",2022,"Feb",2648378,107514,"Ohio"
"OH",2022,"Mar",2669694,21316,"Ohio"
"OH",2022,"Apr",2688326,18632,"Ohio"
"OH",2022,"May",2743577,55251,"Ohio"
"OH",2022,"Jun",2831228,87651,"Ohio"
"OH",2022,"Jul",2918366,87138,"Ohio"
"OH",2022,"Aug",3026110,107744,"Ohio"
"OH",2022,"Sep",3131645,105535,"Ohio"
"OH",2022,"Oct",3173375,41730,"Ohio"
"OH",2022,"Nov",3227759,54384,"Ohio"
"OH",2022,"Dec",3294521,66762,"Ohio"
"OH",2023,"Jan",3339612,45091,"Ohio"
"OH",2023,"Feb",3373859,34247,"Ohio"
"OH",2023,"Mar",3415254,41395,"Ohio"
"OH",2023,"Apr",3435359,20105,"Ohio"
"OH",2023,"May",3441458,6099,"Ohio"
"OK",2020,"Jan",0,0,"Oklahoma"
"OK",2020,"Feb",0,0,"Oklahoma"
"OK",2020,"Mar",164,164,"Oklahoma"
"OK",2020,"Apr",3474,3310,"Oklahoma"
"OK",2020,"May",6227,2753,"Oklahoma"
"OK",2020,"Jun",11514,5287,"Oklahoma"
"OK",2020,"Jul",34627,23113,"Oklahoma"
"OK",2020,"Aug",54839,20212,"Oklahoma"
"OK",2020,"Sep",80165,25326,"Oklahoma"
"OK",2020,"Oct",119152,38987,"Oklahoma"
"OK",2020,"Nov",184342,65190,"Oklahoma"
"OK",2020,"Dec",287294,102952,"Oklahoma"
"OK",2021,"Jan",379789,92495,"Oklahoma"
"OK",2021,"Feb",422039,42250,"Oklahoma"
"OK",2021,"Mar",437439,15400,"Oklahoma"
"OK",2021,"Apr",447634,10195,"Oklahoma"
"OK",2021,"May",452493,4859,"Oklahoma"
"OK",2021,"Jun",456412,3919,"Oklahoma"
"OK",2021,"Jul",477052,20640,"Oklahoma"
"OK",2021,"Aug",534922,57870,"Oklahoma"
"OK",2021,"Sep",611885,76963,"Oklahoma"
"OK",2021,"Oct",642362,30477,"Oklahoma"
"OK",2021,"Nov",662220,19858,"Oklahoma"
"OK",2021,"Dec",700798,38578,"Oklahoma"
"OK",2022,"Jan",931033,230235,"Oklahoma"
"OK",2022,"Feb",1016939,85906,"Oklahoma"
"OK",2022,"Mar",1031368,14429,"Oklahoma"
"OK",2022,"Apr",1038196,6828,"Oklahoma"
"OK",2022,"May",1045565,7369,"Oklahoma"
"OK",2022,"Jun",1065714,20149,"Oklahoma"
"OK",2022,"Jul",1104056,38342,"Oklahoma"
"OK",2022,"Aug",1150028,45972,"Oklahoma"
"OK",2022,"Sep",1192151,42123,"Oklahoma"
"OK",2022,"Oct",1205206,13055,"Oklahoma"
"OK",2022,"Nov",1217484,12278,"Oklahoma"
"OK",2022,"Dec",1244006,26522,"Oklahoma"
"OK",2023,"Jan",1265695,21689,"Oklahoma"
"OK",2023,"Feb",1281551,15856,"Oklahoma"
"OK",2023,"Mar",1293792,12241,"Oklahoma"
"OK",2023,"Apr",1304154,10362,"Oklahoma"
"OK",2023,"May",1306350,2196,"Oklahoma"
"OR",2020,"Jan",0,0,"Oregon"
"OR",2020,"Feb",0,0,"Oregon"
"OR",2020,"Mar",266,266,"Oregon"
"OR",2020,"Apr",2446,2180,"Oregon"
"OR",2020,"May",4036,1590,"Oregon"
"OR",2020,"Jun",7444,3408,"Oregon"
"OR",2020,"Jul",17718,10274,"Oregon"
"OR",2020,"Aug",25566,7848,"Oregon"
"OR",2020,"Sep",31503,5937,"Oregon"
"OR",2020,"Oct",43228,11725,"Oregon"
"OR",2020,"Nov",68503,25275,"Oregon"
"OR",2020,"Dec",112260,43757,"Oregon"
"OR",2021,"Jan",140063,27803,"Oregon"
"OR",2021,"Feb",154058,13995,"Oregon"
"OR",2021,"Mar",162383,8325,"Oregon"
"OR",2021,"Apr",182916,20533,"Oregon"
"OR",2021,"May",199784,16868,"Oregon"
"OR",2021,"Jun",207333,7549,"Oregon"
"OR",2021,"Jul",217689,10356,"Oregon"
"OR",2021,"Aug",263164,45475,"Oregon"
"OR",2021,"Sep",328184,65020,"Oregon"
"OR",2021,"Oct",362560,34376,"Oregon"
"OR",2021,"Nov",387485,24925,"Oregon"
"OR",2021,"Dec",418333,30848,"Oregon"
"OR",2022,"Jan",605363,187030,"Oregon"
"OR",2022,"Feb",690480,85117,"Oregon"
"OR",2022,"Mar",703839,13359,"Oregon"
"OR",2022,"Apr",718630,14791,"Oregon"
"OR",2022,"May",757209,38579,"Oregon"
"OR",2022,"Jun",809826,52617,"Oregon"
"OR",2022,"Jul",848045,38219,"Oregon"
"OR",2022,"Aug",873957,25912,"Oregon"
"OR",2022,"Sep",894776,20819,"Oregon"
"OR",2022,"Oct",908181,13405,"Oregon"
"OR",2022,"Nov",920718,12537,"Oregon"
"OR",2022,"Dec",939303,18585,"Oregon"
"OR",2023,"Jan",948901,9598,"Oregon"
"OR",2023,"Feb",959393,10492,"Oregon"
"OR",2023,"Mar",968789,9396,"Oregon"
"OR",2023,"Apr",973867,5078,"Oregon"
"OR",2023,"May",975856,1989,"Oregon"
"PA",2020,"Jan",0,0,"Pennsylvania"
"PA",2020,"Feb",0,0,"Pennsylvania"
"PA",2020,"Mar",1257,1257,"Pennsylvania"
"PA",2020,"Apr",46355,45098,"Pennsylvania"
"PA",2020,"May",72967,26612,"Pennsylvania"
"PA",2020,"Jun",86992,14025,"Pennsylvania"
"PA",2020,"Jul",114198,27206,"Pennsylvania"
"PA",2020,"Aug",134852,20654,"Pennsylvania"
"PA",2020,"Sep",157170,22318,"Pennsylvania"
"PA",2020,"Oct",205862,48692,"Pennsylvania"
"PA",2020,"Nov",335401,129539,"Pennsylvania"
"PA",2020,"Dec",640139,304738,"Pennsylvania"
"PA",2021,"Jan",826816,186677,"Pennsylvania"
"PA",2021,"Feb",928568,101752,"Pennsylvania"
"PA",2021,"Mar",1006271,77703,"Pennsylvania"
"PA",2021,"Apr",1154938,148667,"Pennsylvania"
"PA",2021,"May",1211782,56844,"Pennsylvania"
"PA",2021,"Jun",1225026,13244,"Pennsylvania"
"PA",2021,"Jul",1237209,12183,"Pennsylvania"
"PA",2021,"Aug",1292234,55025,"Pennsylvania"
"PA",2021,"Sep",1439395,147161,"Pennsylvania"
"PA",2021,"Oct",1565193,125798,"Pennsylvania"
"PA",2021,"Nov",1705734,140541,"Pennsylvania"
"PA",2021,"Dec",1995095,289361,"Pennsylvania"
"PA",2022,"Jan",2606904,611809,"Pennsylvania"
"PA",2022,"Feb",2749362,142458,"Pennsylvania"
"PA",2022,"Mar",2780236,30874,"Pennsylvania"
"PA",2022,"Apr",2812823,32587,"Pennsylvania"
"PA",2022,"May",2908253,95430,"Pennsylvania"
"PA",2022,"Jun",3001382,93129,"Pennsylvania"
"PA",2022,"Jul",3083286,81904,"Pennsylvania"
"PA",2022,"Aug",3167636,84350,"Pennsylvania"
"PA",2022,"Sep",3254348,86712,"Pennsylvania"
"PA",2022,"Oct",3304938,50590,"Pennsylvania"
"PA",2022,"Nov",3350067,45129,"Pennsylvania"
"PA",2022,"Dec",3416142,66075,"Pennsylvania"
"PA",2023,"Jan",3469076,52934,"Pennsylvania"
"PA",2023,"Feb",3512137,43061,"Pennsylvania"
"PA",2023,"Mar",3543923,31786,"Pennsylvania"
"PA",2023,"Apr",3556028,12105,"Pennsylvania"
"PA",2023,"May",3559331,3303,"Pennsylvania"
"PR",2020,"Jan",0,0,NA
"PR",2020,"Feb",0,0,NA
"PR",2020,"Mar",51,51,NA
"PR",2020,"Apr",897,846,NA
"PR",2020,"May",1245,348,NA
"PR",2020,"Jun",1576,331,NA
"PR",2020,"Jul",5700,4124,NA
"PR",2020,"Aug",14008,8308,NA
"PR",2020,"Sep",20437,6429,NA
"PR",2020,"Oct",32528,12091,NA
"PR",2020,"Nov",48725,16197,NA
"PR",2020,"Dec",76291,27566,NA
"PR",2021,"Jan",92541,16250,NA
"PR",2021,"Feb",99620,7079,NA
"PR",2021,"Mar",104968,5348,NA
"PR",2021,"Apr",130671,25703,NA
"PR",2021,"May",138214,7543,NA
"PR",2021,"Jun",139801,1587,NA
"PR",2021,"Jul",144962,5161,NA
"PR",2021,"Aug",167072,22110,NA
"PR",2021,"Sep",181187,14115,NA
"PR",2021,"Oct",184878,3691,NA
"PR",2021,"Nov",188015,3137,NA
"PR",2021,"Dec",243617,55602,NA
"PR",2022,"Jan",448972,205355,NA
"PR",2022,"Feb",472540,23568,NA
"PR",2022,"Mar",480515,7975,NA
"PR",2022,"Apr",522860,42345,NA
"PR",2022,"May",647141,124281,NA
"PR",2022,"Jun",768738,121597,NA
"PR",2022,"Jul",841200,72462,NA
"PR",2022,"Aug",910198,68998,NA
"PR",2022,"Sep",952813,42615,NA
"PR",2022,"Oct",977157,24344,NA
"PR",2022,"Nov",1004673,27516,NA
"PR",2022,"Dec",1049438,44765,NA
"PR",2023,"Jan",1078661,29223,NA
"PR",2023,"Feb",1095911,17250,NA
"PR",2023,"Mar",1107728,11817,NA
"PR",2023,"Apr",1115724,7996,NA
"PR",2023,"May",1122076,6352,NA
"PW",2020,"Jan",0,0,NA
"PW",2020,"Feb",0,0,NA
"PW",2020,"Mar",0,0,NA
"PW",2020,"Apr",0,0,NA
"PW",2020,"May",0,0,NA
"PW",2020,"Jun",0,0,NA
"PW",2020,"Jul",0,0,NA
"PW",2020,"Aug",0,0,NA
"PW",2020,"Sep",0,0,NA
"PW",2020,"Oct",0,0,NA
"PW",2020,"Nov",0,0,NA
"PW",2020,"Dec",0,0,NA
"PW",2021,"Jan",0,0,NA
"PW",2021,"Feb",0,0,NA
"PW",2021,"Mar",0,0,NA
"PW",2021,"Apr",0,0,NA
"PW",2021,"May",0,0,NA
"PW",2021,"Jun",2,2,NA
"PW",2021,"Jul",2,0,NA
"PW",2021,"Aug",4,2,NA
"PW",2021,"Sep",7,3,NA
"PW",2021,"Oct",10,3,NA
"PW",2021,"Nov",10,0,NA
"PW",2021,"Dec",12,2,NA
"PW",2022,"Jan",901,889,NA
"PW",2022,"Feb",3696,2795,NA
"PW",2022,"Mar",4024,328,NA
"PW",2022,"Apr",4486,462,NA
"PW",2022,"May",5020,534,NA
"PW",2022,"Jun",5207,187,NA
"PW",2022,"Jul",5220,13,NA
"PW",2022,"Aug",5279,59,NA
"PW",2022,"Sep",5460,181,NA
"PW",2022,"Oct",5509,49,NA
"PW",2022,"Nov",5684,175,NA
"PW",2022,"Dec",5968,284,NA
"PW",2023,"Jan",5986,18,NA
"PW",2023,"Feb",5988,2,NA
"PW",2023,"Mar",5997,9,NA
"PW",2023,"Apr",5999,2,NA
"PW",2023,"May",6000,1,NA
"RI",2020,"Jan",0,0,"Rhode Island"
"RI",2020,"Feb",0,0,"Rhode Island"
"RI",2020,"Mar",176,176,"Rhode Island"
"RI",2020,"Apr",8449,8273,"Rhode Island"
"RI",2020,"May",13975,5526,"Rhode Island"
"RI",2020,"Jun",15990,2015,"Rhode Island"
"RI",2020,"Jul",18232,2242,"Rhode Island"
"RI",2020,"Aug",20806,2574,"Rhode Island"
"RI",2020,"Sep",23105,2299,"Rhode Island"
"RI",2020,"Oct",31075,7970,"Rhode Island"
"RI",2020,"Nov",51701,20626,"Rhode Island"
"RI",2020,"Dec",86190,34489,"Rhode Island"
"RI",2021,"Jan",109080,22890,"Rhode Island"
"RI",2021,"Feb",119595,10515,"Rhode Island"
"RI",2021,"Mar",128785,9190,"Rhode Island"
"RI",2021,"Apr",141032,12247,"Rhode Island"
"RI",2021,"May",144488,3456,"Rhode Island"
"RI",2021,"Jun",145157,669,"Rhode Island"
"RI",2021,"Jul",146785,1628,"Rhode Island"
"RI",2021,"Aug",153506,6721,"Rhode Island"
"RI",2021,"Sep",164423,10917,"Rhode Island"
"RI",2021,"Oct",171051,6628,"Rhode Island"
"RI",2021,"Nov",181068,10017,"Rhode Island"
"RI",2021,"Dec",220800,39732,"Rhode Island"
"RI",2022,"Jan",323794,102994,"Rhode Island"
"RI",2022,"Feb",338073,14279,"Rhode Island"
"RI",2022,"Mar",344049,5976,"Rhode Island"
"RI",2022,"Apr",353438,9389,"Rhode Island"
"RI",2022,"May",372350,18912,"Rhode Island"
"RI",2022,"Jun",383834,11484,"Rhode Island"
"RI",2022,"Jul",391026,7192,"Rhode Island"
"RI",2022,"Aug",398126,7100,"Rhode Island"
"RI",2022,"Sep",406475,8349,"Rhode Island"
"RI",2022,"Oct",412464,5989,"Rhode Island"
"RI",2022,"Nov",417067,4603,"Rhode Island"
"RI",2022,"Dec",426209,9142,"Rhode Island"
"RI",2023,"Jan",433822,7613,"Rhode Island"
"RI",2023,"Feb",437760,3938,"Rhode Island"
"RI",2023,"Mar",440089,2329,"Rhode Island"
"RI",2023,"Apr",441104,1015,"Rhode Island"
"RI",2023,"May",441466,362,"Rhode Island"
"RMI",2020,"Jan",0,0,NA
"RMI",2020,"Feb",0,0,NA
"RMI",2020,"Mar",0,0,NA
"RMI",2020,"Apr",0,0,NA
"RMI",2020,"May",0,0,NA
"RMI",2020,"Jun",0,0,NA
"RMI",2020,"Jul",0,0,NA
"RMI",2020,"Aug",0,0,NA
"RMI",2020,"Sep",0,0,NA
"RMI",2020,"Oct",1,1,NA
"RMI",2020,"Nov",4,3,NA
"RMI",2020,"Dec",4,0,NA
"RMI",2021,"Jan",4,0,NA
"RMI",2021,"Feb",4,0,NA
"RMI",2021,"Mar",4,0,NA
"RMI",2021,"Apr",4,0,NA
"RMI",2021,"May",4,0,NA
"RMI",2021,"Jun",4,0,NA
"RMI",2021,"Jul",4,0,NA
"RMI",2021,"Aug",4,0,NA
"RMI",2021,"Sep",4,0,NA
"RMI",2021,"Oct",4,0,NA
"RMI",2021,"Nov",4,0,NA
"RMI",2021,"Dec",4,0,NA
"RMI",2022,"Jan",4,0,NA
"RMI",2022,"Feb",4,0,NA
"RMI",2022,"Mar",4,0,NA
"RMI",2022,"Apr",17,13,NA
"RMI",2022,"May",17,0,NA
"RMI",2022,"Jun",18,1,NA
"RMI",2022,"Jul",59,41,NA
"RMI",2022,"Aug",13932,13873,NA
"RMI",2022,"Sep",15305,1373,NA
"RMI",2022,"Oct",15375,70,NA
"RMI",2022,"Nov",15501,126,NA
"RMI",2022,"Dec",15544,43,NA
"RMI",2023,"Jan",15544,0,NA
"RMI",2023,"Feb",15618,74,NA
"RMI",2023,"Mar",15723,105,NA
"RMI",2023,"Apr",16081,358,NA
"RMI",2023,"May",16081,0,NA
"SC",2020,"Jan",0,0,"South Carolina"
"SC",2020,"Feb",0,0,"South Carolina"
"SC",2020,"Mar",426,426,"South Carolina"
"SC",2020,"Apr",5883,5457,"South Carolina"
"SC",2020,"May",10624,4741,"South Carolina"
"SC",2020,"Jun",27898,17274,"South Carolina"
"SC",2020,"Jul",85847,57949,"South Carolina"
"SC",2020,"Aug",114094,28247,"South Carolina"
"SC",2020,"Sep",141688,27594,"South Carolina"
"SC",2020,"Oct",173481,31793,"South Carolina"
"SC",2020,"Nov",210905,37424,"South Carolina"
"SC",2020,"Dec",303475,92570,"South Carolina"
"SC",2021,"Jan",427231,123756,"South Carolina"
"SC",2021,"Feb",509044,81813,"South Carolina"
"SC",2021,"Mar",543932,34888,"South Carolina"
"SC",2021,"Apr",576640,32708,"South Carolina"
"SC",2021,"May",591834,15194,"South Carolina"
"SC",2021,"Jun",595843,4009,"South Carolina"
"SC",2021,"Jul",613033,17190,"South Carolina"
"SC",2021,"Aug",702894,89861,"South Carolina"
"SC",2021,"Sep",854875,151981,"South Carolina"
"SC",2021,"Oct",894924,40049,"South Carolina"
"SC",2021,"Nov",914966,20042,"South Carolina"
"SC",2021,"Dec",960195,45229,"South Carolina"
"SC",2022,"Jan",1328450,368255,"South Carolina"
"SC",2022,"Feb",1456998,128548,"South Carolina"
"SC",2022,"Mar",1468134,11136,"South Carolina"
"SC",2022,"Apr",1474274,6140,"South Carolina"
"SC",2022,"May",1495762,21488,"South Carolina"
"SC",2022,"Jun",1546406,50644,"South Carolina"
"SC",2022,"Jul",1605165,58759,"South Carolina"
"SC",2022,"Aug",1661020,55855,"South Carolina"
"SC",2022,"Sep",1708074,47054,"South Carolina"
"SC",2022,"Oct",1721693,13619,"South Carolina"
"SC",2022,"Nov",1735351,13658,"South Carolina"
"SC",2022,"Dec",1770059,34708,"South Carolina"
"SC",2023,"Jan",1807019,36960,"South Carolina"
"SC",2023,"Feb",1827620,20601,"South Carolina"
"SC",2023,"Mar",1842519,14899,"South Carolina"
"SC",2023,"Apr",1849390,6871,"South Carolina"
"SC",2023,"May",1852019,2629,"South Carolina"
"SD",2020,"Jan",0,0,"South Dakota"
"SD",2020,"Feb",0,0,"South Dakota"
"SD",2020,"Mar",41,41,"South Dakota"
"SD",2020,"Apr",2374,2333,"South Dakota"
"SD",2020,"May",4706,2332,"South Dakota"
"SD",2020,"Jun",6419,1713,"South Dakota"
"SD",2020,"Jul",8634,2215,"South Dakota"
"SD",2020,"Aug",11571,2937,"South Dakota"
"SD",2020,"Sep",19633,8062,"South Dakota"
"SD",2020,"Oct",42000,22367,"South Dakota"
"SD",2020,"Nov",76142,34142,"South Dakota"
"SD",2020,"Dec",98721,22579,"South Dakota"
"SD",2021,"Jan",107611,8890,"South Dakota"
"SD",2021,"Feb",111807,4196,"South Dakota"
"SD",2021,"Mar",116352,4545,"South Dakota"
"SD",2021,"Apr",122397,6045,"South Dakota"
"SD",2021,"May",124063,1666,"South Dakota"
"SD",2021,"Jun",124466,403,"South Dakota"
"SD",2021,"Jul",125224,758,"South Dakota"
"SD",2021,"Aug",129865,4641,"South Dakota"
"SD",2021,"Sep",144548,14683,"South Dakota"
"SD",2021,"Oct",153775,9227,"South Dakota"
"SD",2021,"Nov",164291,10516,"South Dakota"
"SD",2021,"Dec",178394,14103,"South Dakota"
"SD",2022,"Jan",222881,44487,"South Dakota"
"SD",2022,"Feb",235517,12636,"South Dakota"
"SD",2022,"Mar",237104,1587,"South Dakota"
"SD",2022,"Apr",237812,708,"South Dakota"
"SD",2022,"May",239703,1891,"South Dakota"
"SD",2022,"Jun",244523,4820,"South Dakota"
"SD",2022,"Jul",250286,5763,"South Dakota"
"SD",2022,"Aug",256255,5969,"South Dakota"
"SD",2022,"Sep",261371,5116,"South Dakota"
"SD",2022,"Oct",264187,2816,"South Dakota"
"SD",2022,"Nov",267689,3502,"South Dakota"
"SD",2022,"Dec",271856,4167,"South Dakota"
"SD",2023,"Jan",273929,2073,"South Dakota"
"SD",2023,"Feb",277649,3720,"South Dakota"
"SD",2023,"Mar",281008,3359,"South Dakota"
"SD",2023,"Apr",282401,1393,"South Dakota"
"SD",2023,"May",282895,494,"South Dakota"
"TN",2020,"Jan",0,0,"Tennessee"
"TN",2020,"Feb",0,0,"Tennessee"
"TN",2020,"Mar",869,869,"Tennessee"
"TN",2020,"Apr",10805,9936,"Tennessee"
"TN",2020,"May",21385,10580,"Tennessee"
"TN",2020,"Jun",37323,15938,"Tennessee"
"TN",2020,"Jul",99246,61923,"Tennessee"
"TN",2020,"Aug",145666,46420,"Tennessee"
"TN",2020,"Sep",184983,39317,"Tennessee"
"TN",2020,"Oct",252508,67525,"Tennessee"
"TN",2020,"Nov",344413,91905,"Tennessee"
"TN",2020,"Dec",576336,231923,"Tennessee"
"TN",2021,"Jan",710033,133697,"Tennessee"
"TN",2021,"Feb",763552,53519,"Tennessee"
"TN",2021,"Mar",798253,34701,"Tennessee"
"TN",2021,"Apr",839652,41399,"Tennessee"
"TN",2021,"May",857702,18050,"Tennessee"
"TN",2021,"Jun",864096,6394,"Tennessee"
"TN",2021,"Jul",890275,26179,"Tennessee"
"TN",2021,"Aug",1012469,122194,"Tennessee"
"TN",2021,"Sep",1226254,213785,"Tennessee"
"TN",2021,"Oct",1276869,50615,"Tennessee"
"TN",2021,"Nov",1309465,32596,"Tennessee"
"TN",2021,"Dec",1410117,100652,"Tennessee"
"TN",2022,"Jan",1823109,412992,"Tennessee"
"TN",2022,"Feb",1998909,175800,"Tennessee"
"TN",2022,"Mar",2017921,19012,"Tennessee"
"TN",2022,"Apr",2027597,9676,"Tennessee"
"TN",2022,"May",2055250,27653,"Tennessee"
"TN",2022,"Jun",2122855,67605,"Tennessee"
"TN",2022,"Jul",2197790,74935,"Tennessee"
"TN",2022,"Aug",2283496,85706,"Tennessee"
"TN",2022,"Sep",2338525,55029,"Tennessee"
"TN",2022,"Oct",2361380,22855,"Tennessee"
"TN",2022,"Nov",2387697,26317,"Tennessee"
"TN",2022,"Dec",2434494,46797,"Tennessee"
"TN",2023,"Jan",2473404,38910,"Tennessee"
"TN",2023,"Feb",2507558,34154,"Tennessee"
"TN",2023,"Mar",2528273,20715,"Tennessee"
"TN",2023,"Apr",2538352,10079,"Tennessee"
"TN",2023,"May",2542163,3811,"Tennessee"
"TX",2020,"Jan",0,0,"Texas"
"TX",2020,"Feb",0,0,"Texas"
"TX",2020,"Mar",1102,1102,"Texas"
"TX",2020,"Apr",22125,21023,"Texas"
"TX",2020,"May",49301,27176,"Texas"
"TX",2020,"Jun",126386,77085,"Texas"
"TX",2020,"Jul",401800,275414,"Texas"
"TX",2020,"Aug",631146,229346,"Texas"
"TX",2020,"Sep",757254,126108,"Texas"
"TX",2020,"Oct",912986,155732,"Texas"
"TX",2020,"Nov",1172443,259457,"Texas"
"TX",2020,"Dec",1731566,559123,"Texas"
"TX",2021,"Jan",2284752,553186,"Texas"
"TX",2021,"Feb",2553274,268522,"Texas"
"TX",2021,"Mar",2681790,128516,"Texas"
"TX",2021,"Apr",2800518,118728,"Texas"
"TX",2021,"May",2868373,67855,"Texas"
"TX",2021,"Jun",2912291,43918,"Texas"
"TX",2021,"Jul",3136158,223867,"Texas"
"TX",2021,"Aug",3533208,397050,"Texas"
"TX",2021,"Sep",4034695,501487,"Texas"
"TX",2021,"Oct",4188586,153891,"Texas"
"TX",2021,"Nov",4281782,93196,"Texas"
"TX",2021,"Dec",4540365,258583,"Texas"
"TX",2022,"Jan",6123402,1583037,"Texas"
"TX",2022,"Feb",6602100,478698,"Texas"
"TX",2022,"Mar",6737585,135485,"Texas"
"TX",2022,"Apr",6805898,68313,"Texas"
"TX",2022,"May",6900690,94792,"Texas"
"TX",2022,"Jun",7156593,255903,"Texas"
"TX",2022,"Jul",7481041,324448,"Texas"
"TX",2022,"Aug",7746966,265925,"Texas"
"TX",2022,"Sep",7939351,192385,"Texas"
"TX",2022,"Oct",7990898,51547,"Texas"
"TX",2022,"Nov",8043606,52708,"Texas"
"TX",2022,"Dec",8187083,143477,"Texas"
"TX",2023,"Jan",8309381,122298,"Texas"
"TX",2023,"Feb",8383888,74507,"Texas"
"TX",2023,"Mar",8456887,72999,"Texas"
"TX",2023,"Apr",8496000,39113,"Texas"
"TX",2023,"May",8508204,12204,"Texas"
"UT",2020,"Jan",0,0,"Utah"
"UT",2020,"Feb",0,0,"Utah"
"UT",2020,"Mar",324,324,"Utah"
"UT",2020,"Apr",4478,4154,"Utah"
"UT",2020,"May",8690,4212,"Utah"
"UT",2020,"Jun",18828,10138,"Utah"
"UT",2020,"Jul",39274,20446,"Utah"
"UT",2020,"Aug",50245,10971,"Utah"
"UT",2020,"Sep",66196,15951,"Utah"
"UT",2020,"Oct",109540,43344,"Utah"
"UT",2020,"Nov",185202,75662,"Utah"
"UT",2020,"Dec",273908,88706,"Utah"
"UT",2021,"Jan",340630,66722,"Utah"
"UT",2021,"Feb",368567,27937,"Utah"
"UT",2021,"Mar",382717,14150,"Utah"
"UT",2021,"Apr",396512,13795,"Utah"
"UT",2021,"May",405071,8559,"Utah"
"UT",2021,"Jun",412541,7470,"Utah"
"UT",2021,"Jul",430139,17598,"Utah"
"UT",2021,"Aug",457094,26955,"Utah"
"UT",2021,"Sep",506795,49701,"Utah"
"UT",2021,"Oct",546189,39394,"Utah"
"UT",2021,"Nov",589731,43542,"Utah"
"UT",2021,"Dec",633422,43691,"Utah"
"UT",2022,"Jan",861876,228454,"Utah"
"UT",2022,"Feb",920953,59077,"Utah"
"UT",2022,"Mar",928179,7226,"Utah"
"UT",2022,"Apr",932457,4278,"Utah"
"UT",2022,"May",947981,15524,"Utah"
"UT",2022,"Jun",981533,33552,"Utah"
"UT",2022,"Jul",1009176,27643,"Utah"
"UT",2022,"Aug",1026270,17094,"Utah"
"UT",2022,"Sep",1038143,11873,"Utah"
"UT",2022,"Oct",1045112,6969,"Utah"
"UT",2022,"Nov",1057775,12663,"Utah"
"UT",2022,"Dec",1074359,16584,"Utah"
"UT",2023,"Jan",1081175,6816,"Utah"
"UT",2023,"Feb",1086845,5670,"Utah"
"UT",2023,"Mar",1093462,6617,"Utah"
"UT",2023,"Apr",1096418,2956,"Utah"
"UT",2023,"May",1097475,1057,"Utah"
"VA",2020,"Jan",0,0,"Virginia"
"VA",2020,"Feb",0,0,"Virginia"
"VA",2020,"Mar",395,395,"Virginia"
"VA",2020,"Apr",14961,14566,"Virginia"
"VA",2020,"May",40246,25285,"Virginia"
"VA",2020,"Jun",59504,19258,"Virginia"
"VA",2020,"Jul",87990,28486,"Virginia"
"VA",2020,"Aug",115459,27469,"Virginia"
"VA",2020,"Sep",142593,27134,"Virginia"
"VA",2020,"Oct",176757,34164,"Virginia"
"VA",2020,"Nov",226287,49530,"Virginia"
"VA",2020,"Dec",344344,118057,"Virginia"
"VA",2021,"Jan",488537,144193,"Virginia"
"VA",2021,"Feb",568746,80209,"Virginia"
"VA",2021,"Mar",608524,39778,"Virginia"
"VA",2021,"Apr",656879,48355,"Virginia"
"VA",2021,"May",673310,16431,"Virginia"
"VA",2021,"Jun",678295,4985,"Virginia"
"VA",2021,"Jul",692115,13820,"Virginia"
"VA",2021,"Aug",747641,55526,"Virginia"
"VA",2021,"Sep",863668,116027,"Virginia"
"VA",2021,"Oct",921354,57686,"Virginia"
"VA",2021,"Nov",960708,39354,"Virginia"
"VA",2021,"Dec",1087405,126697,"Virginia"
"VA",2022,"Jan",1502671,415266,"Virginia"
"VA",2022,"Feb",1629235,126564,"Virginia"
"VA",2022,"Mar",1664702,35467,"Virginia"
"VA",2022,"Apr",1696869,32167,"Virginia"
"VA",2022,"May",1769771,72902,"Virginia"
"VA",2022,"Jun",1864527,94756,"Virginia"
"VA",2022,"Jul",1945465,80938,"Virginia"
"VA",2022,"Aug",2021539,76074,"Virginia"
"VA",2022,"Sep",2083101,61562,"Virginia"
"VA",2022,"Oct",2113282,30181,"Virginia"
"VA",2022,"Nov",2141888,28606,"Virginia"
"VA",2022,"Dec",2199302,57414,"Virginia"
"VA",2023,"Jan",2250161,50859,"Virginia"
"VA",2023,"Feb",2281020,30859,"Virginia"
"VA",2023,"Mar",2299365,18345,"Virginia"
"VA",2023,"Apr",2307444,8079,"Virginia"
"VA",2023,"May",2310846,3402,"Virginia"
"VI",2020,"Jan",0,0,NA
"VI",2020,"Feb",0,0,NA
"VI",2020,"Mar",17,17,NA
"VI",2020,"Apr",57,40,NA
"VI",2020,"May",69,12,NA
"VI",2020,"Jun",76,7,NA
"VI",2020,"Jul",385,309,NA
"VI",2020,"Aug",1030,645,NA
"VI",2020,"Sep",1290,260,NA
"VI",2020,"Oct",1353,63,NA
"VI",2020,"Nov",1521,168,NA
"VI",2020,"Dec",2031,510,NA
"VI",2021,"Jan",2373,342,NA
"VI",2021,"Feb",2623,250,NA
"VI",2021,"Mar",2876,253,NA
"VI",2021,"Apr",3098,222,NA
"VI",2021,"May",3399,301,NA
"VI",2021,"Jun",3819,420,NA
"VI",2021,"Jul",4497,678,NA
"VI",2021,"Aug",5707,1210,NA
"VI",2021,"Sep",6721,1014,NA
"VI",2021,"Oct",7172,451,NA
"VI",2021,"Nov",7490,318,NA
"VI",2021,"Dec",8725,1235,NA
"VI",2022,"Jan",14689,5964,NA
"VI",2022,"Feb",15327,638,NA
"VI",2022,"Mar",15636,309,NA
"VI",2022,"Apr",16260,624,NA
"VI",2022,"May",19252,2992,NA
"VI",2022,"Jun",20899,1647,NA
"VI",2022,"Jul",21677,778,NA
"VI",2022,"Aug",22481,804,NA
"VI",2022,"Sep",23154,673,NA
"VI",2022,"Oct",23311,157,NA
"VI",2022,"Nov",23495,184,NA
"VI",2022,"Dec",23764,269,NA
"VI",2023,"Jan",24425,661,NA
"VI",2023,"Feb",24741,316,NA
"VI",2023,"Mar",24863,122,NA
"VI",2023,"Apr",24919,56,NA
"VI",2023,"May",24994,75,NA
"VT",2020,"Jan",0,0,"Vermont"
"VT",2020,"Feb",0,0,"Vermont"
"VT",2020,"Mar",52,52,"Vermont"
"VT",2020,"Apr",852,800,"Vermont"
"VT",2020,"May",957,105,"Vermont"
"VT",2020,"Jun",1159,202,"Vermont"
"VT",2020,"Jul",1402,243,"Vermont"
"VT",2020,"Aug",1557,155,"Vermont"
"VT",2020,"Sep",1719,162,"Vermont"
"VT",2020,"Oct",2089,370,"Vermont"
"VT",2020,"Nov",3729,1640,"Vermont"
"VT",2020,"Dec",7074,3345,"Vermont"
"VT",2021,"Jan",11122,4048,"Vermont"
"VT",2021,"Feb",14505,3383,"Vermont"
"VT",2021,"Mar",17770,3265,"Vermont"
"VT",2021,"Apr",22596,4826,"Vermont"
"VT",2021,"May",24111,1515,"Vermont"
"VT",2021,"Jun",24368,257,"Vermont"
"VT",2021,"Jul",24734,366,"Vermont"
"VT",2021,"Aug",27059,2325,"Vermont"
"VT",2021,"Sep",33023,5964,"Vermont"
"VT",2021,"Oct",38820,5797,"Vermont"
"VT",2021,"Nov",47397,8577,"Vermont"
"VT",2021,"Dec",61509,14112,"Vermont"
"VT",2022,"Jan",99013,37504,"Vermont"
"VT",2022,"Feb",110987,11974,"Vermont"
"VT",2022,"Mar",115950,4963,"Vermont"
"VT",2022,"Apr",122042,6092,"Vermont"
"VT",2022,"May",130937,8895,"Vermont"
"VT",2022,"Jun",135469,4532,"Vermont"
"VT",2022,"Jul",137560,2091,"Vermont"
"VT",2022,"Aug",139552,1992,"Vermont"
"VT",2022,"Sep",142166,2614,"Vermont"
"VT",2022,"Oct",144685,2519,"Vermont"
"VT",2022,"Nov",146329,1644,"Vermont"
"VT",2022,"Dec",148283,1954,"Vermont"
"VT",2023,"Jan",149990,1707,"Vermont"
"VT",2023,"Feb",151956,1966,"Vermont"
"VT",2023,"Mar",153421,1465,"Vermont"
"VT",2023,"Apr",154039,618,"Vermont"
"VT",2023,"May",154243,204,"Vermont"
"WA",2020,"Jan",1,1,"Washington"
"WA",2020,"Feb",1,0,"Washington"
"WA",2020,"Mar",2866,2865,"Washington"
"WA",2020,"Apr",14349,11483,"Washington"
"WA",2020,"May",20751,6402,"Washington"
"WA",2020,"Jun",30265,9514,"Washington"
"WA",2020,"Jul",55605,25340,"Washington"
"WA",2020,"Aug",73024,17419,"Washington"
"WA",2020,"Sep",85251,12227,"Washington"
"WA",2020,"Oct",107588,22337,"Washington"
"WA",2020,"Nov",159543,51955,"Washington"
"WA",2020,"Dec",244804,85261,"Washington"
"WA",2021,"Jan",305703,60899,"Washington"
"WA",2021,"Feb",336577,30874,"Washington"
"WA",2021,"Mar",357413,20836,"Washington"
"WA",2021,"Apr",399857,42444,"Washington"
"WA",2021,"May",432356,32499,"Washington"
"WA",2021,"Jun",448706,16350,"Washington"
"WA",2021,"Jul",471824,23118,"Washington"
"WA",2021,"Aug",545806,73982,"Washington"
"WA",2021,"Sep",658069,112263,"Washington"
"WA",2021,"Oct",722345,64276,"Washington"
"WA",2021,"Nov",768945,46600,"Washington"
"WA",2021,"Dec",848761,79816,"Washington"
"WA",2022,"Jan",1245605,396844,"Washington"
"WA",2022,"Feb",1411930,166325,"Washington"
"WA",2022,"Mar",1455033,43103,"Washington"
"WA",2022,"Apr",1494755,39722,"Washington"
"WA",2022,"May",1568645,73890,"Washington"
"WA",2022,"Jun",1661967,93322,"Washington"
"WA",2022,"Jul",1731677,69710,"Washington"
"WA",2022,"Aug",1776634,44957,"Washington"
"WA",2022,"Sep",1814200,37566,"Washington"
"WA",2022,"Oct",1835151,20951,"Washington"
"WA",2022,"Nov",1854523,19372,"Washington"
"WA",2022,"Dec",1884126,29603,"Washington"
"WA",2023,"Jan",1904430,20304,"Washington"
"WA",2023,"Feb",1925012,20582,"Washington"
"WA",2023,"Mar",1944026,19014,"Washington"
"WA",2023,"Apr",1954381,10355,"Washington"
"WA",2023,"May",1957759,3378,"Washington"
"WI",2020,"Jan",0,0,"Wisconsin"
"WI",2020,"Feb",0,0,"Wisconsin"
"WI",2020,"Mar",621,621,"Wisconsin"
"WI",2020,"Apr",6520,5899,"Wisconsin"
"WI",2020,"May",16464,9944,"Wisconsin"
"WI",2020,"Jun",25763,9299,"Wisconsin"
"WI",2020,"Jul",51051,25288,"Wisconsin"
"WI",2020,"Aug",72262,21211,"Wisconsin"
"WI",2020,"Sep",105932,33670,"Wisconsin"
"WI",2020,"Oct",221560,115628,"Wisconsin"
"WI",2020,"Nov",392442,170882,"Wisconsin"
"WI",2020,"Dec",516226,123784,"Wisconsin"
"WI",2021,"Jan",585603,69377,"Wisconsin"
"WI",2021,"Feb",614260,28657,"Wisconsin"
"WI",2021,"Mar",631304,17044,"Wisconsin"
"WI",2021,"Apr",658699,27395,"Wisconsin"
"WI",2021,"May",673306,14607,"Wisconsin"
"WI",2021,"Jun",677027,3721,"Wisconsin"
"WI",2021,"Jul",685018,7991,"Wisconsin"
"WI",2021,"Aug",722453,37435,"Wisconsin"
"WI",2021,"Sep",807455,85002,"Wisconsin"
"WI",2021,"Oct",877220,69765,"Wisconsin"
"WI",2021,"Nov",963229,86009,"Wisconsin"
"WI",2021,"Dec",1103754,140525,"Wisconsin"
"WI",2022,"Jan",1486054,382300,"Wisconsin"
"WI",2022,"Feb",1568800,82746,"Wisconsin"
"WI",2022,"Mar",1584730,15930,"Wisconsin"
"WI",2022,"Apr",1607202,22472,"Wisconsin"
"WI",2022,"May",1664367,57165,"Wisconsin"
"WI",2022,"Jun",1724777,60410,"Wisconsin"
"WI",2022,"Jul",1773092,48315,"Wisconsin"
"WI",2022,"Aug",1822216,49124,"Wisconsin"
"WI",2022,"Sep",1864411,42195,"Wisconsin"
"WI",2022,"Oct",1893055,28644,"Wisconsin"
"WI",2022,"Nov",1919235,26180,"Wisconsin"
"WI",2022,"Dec",1958290,39055,"Wisconsin"
"WI",2023,"Jan",1979913,21623,"Wisconsin"
"WI",2023,"Feb",1997340,17427,"Wisconsin"
"WI",2023,"Mar",2017604,20264,"Wisconsin"
"WI",2023,"Apr",2027647,10043,"Wisconsin"
"WI",2023,"May",2030717,3070,"Wisconsin"
"WV",2020,"Jan",0,0,"West Virginia"
"WV",2020,"Feb",0,0,"West Virginia"
"WV",2020,"Mar",39,39,"West Virginia"
"WV",2020,"Apr",1110,1071,"West Virginia"
"WV",2020,"May",1888,778,"West Virginia"
"WV",2020,"Jun",2631,743,"West Virginia"
"WV",2020,"Jul",6278,3647,"West Virginia"
"WV",2020,"Aug",9538,3260,"West Virginia"
"WV",2020,"Sep",14515,4977,"West Virginia"
"WV",2020,"Oct",23067,8552,"West Virginia"
"WV",2020,"Nov",43052,19985,"West Virginia"
"WV",2020,"Dec",84225,41173,"West Virginia"
"WV",2021,"Jan",117771,33546,"West Virginia"
"WV",2021,"Feb",130393,12622,"West Virginia"
"WV",2021,"Mar",138818,8425,"West Virginia"
"WV",2021,"Apr",152300,13482,"West Virginia"
"WV",2021,"May",160783,8483,"West Virginia"
"WV",2021,"Jun",163688,2905,"West Virginia"
"WV",2021,"Jul",166494,2806,"West Virginia"
"WV",2021,"Aug",181906,15412,"West Virginia"
"WV",2021,"Sep",238498,56592,"West Virginia"
"WV",2021,"Oct",269131,30633,"West Virginia"
"WV",2021,"Nov",290909,21778,"West Virginia"
"WV",2021,"Dec",325514,34605,"West Virginia"
"WV",2022,"Jan",429016,103502,"West Virginia"
"WV",2022,"Feb",486242,57226,"West Virginia"
"WV",2022,"Mar",497670,11428,"West Virginia"
"WV",2022,"Apr",500696,3026,"West Virginia"
"WV",2022,"May",512572,11876,"West Virginia"
"WV",2022,"Jun",531844,19272,"West Virginia"
"WV",2022,"Jul",553019,21175,"West Virginia"
"WV",2022,"Aug",576424,23405,"West Virginia"
"WV",2022,"Sep",599770,23346,"West Virginia"
"WV",2022,"Oct",606794,7024,"West Virginia"
"WV",2022,"Nov",613165,6371,"West Virginia"
"WV",2022,"Dec",623541,10376,"West Virginia"
"WV",2023,"Jan",632956,9415,"West Virginia"
"WV",2023,"Feb",640150,7194,"West Virginia"
"WV",2023,"Mar",646864,6714,"West Virginia"
"WV",2023,"Apr",650099,3235,"West Virginia"
"WV",2023,"May",650556,457,"West Virginia"
"WY",2020,"Jan",0,0,"Wyoming"
"WY",2020,"Feb",0,0,"Wyoming"
"WY",2020,"Mar",54,54,"Wyoming"
"WY",2020,"Apr",540,486,"Wyoming"
"WY",2020,"May",848,308,"Wyoming"
"WY",2020,"Jun",1264,416,"Wyoming"
"WY",2020,"Jul",2610,1346,"Wyoming"
"WY",2020,"Aug",3652,1042,"Wyoming"
"WY",2020,"Sep",5208,1556,"Wyoming"
"WY",2020,"Oct",12270,7062,"Wyoming"
"WY",2020,"Nov",30903,18633,"Wyoming"
"WY",2020,"Dec",43889,12986,"Wyoming"
"WY",2021,"Jan",50881,6992,"Wyoming"
"WY",2021,"Feb",53895,3014,"Wyoming"
"WY",2021,"Mar",55668,1773,"Wyoming"
"WY",2021,"Apr",57848,2180,"Wyoming"
"WY",2021,"May",59746,1898,"Wyoming"
"WY",2021,"Jun",61548,1802,"Wyoming"
"WY",2021,"Jul",64557,3009,"Wyoming"
"WY",2021,"Aug",72567,8010,"Wyoming"
"WY",2021,"Sep",90015,17448,"Wyoming"
"WY",2021,"Oct",101852,11837,"Wyoming"
"WY",2021,"Nov",110047,8195,"Wyoming"
"WY",2021,"Dec",115215,5168,"Wyoming"
"WY",2022,"Jan",143055,27840,"Wyoming"
"WY",2022,"Feb",155147,12092,"Wyoming"
"WY",2022,"Mar",156601,1454,"Wyoming"
"WY",2022,"Apr",157183,582,"Wyoming"
"WY",2022,"May",158926,1743,"Wyoming"
"WY",2022,"Jun",164458,5532,"Wyoming"
"WY",2022,"Jul",170099,5641,"Wyoming"
"WY",2022,"Aug",174112,4013,"Wyoming"
"WY",2022,"Sep",176622,2510,"Wyoming"
"WY",2022,"Oct",178337,1715,"Wyoming"
"WY",2022,"Nov",180395,2058,"Wyoming"
"WY",2022,"Dec",182762,2367,"Wyoming"
"WY",2023,"Jan",183681,919,"Wyoming"
"WY",2023,"Feb",184749,1068,"Wyoming"
"WY",2023,"Mar",185995,1246,"Wyoming"
"WY",2023,"Apr",186539,544,"Wyoming"
"WY",2023,"May",187034,495,"Wyoming"
