"state","year","political"
"Alabama","2020","Republican"
"Alabama","2016","Republican"
"Alaska","2020","Republican"
"Alaska","2016","Republican"
"Arizona","2020","Democratic"
"Arizona","2016","Republican"
"Arkansas","2020","Republican"
"Arkansas","2016","Republican"
"California","2020","Democratic"
"California","2016","Democratic"
"Colorado","2020","Democratic"
"Colorado","2016","Democratic"
"Connecticut","2020","Democratic"
"Connecticut","2016","Democratic"
"Delaware","2020","Democratic"
"Delaware","2016","Democratic"
"D.C.","2020","Democratic"
"D.C.","2016","Democratic"
"Florida","2020","Republican"
"Florida","2016","Republican"
"Georgia","2020","Democratic"
"Georgia","2016","Republican"
"Hawaii","2020","Democratic"
"Hawaii","2016","Democratic"
"Idaho","2020","Republican"
"Idaho","2016","Republican"
"Illinois","2020","Democratic"
"Illinois","2016","Democratic"
"Indiana","2020","Republican"
"Indiana","2016","Republican"
"Iowa","2020","Republican"
"Iowa","2016","Republican"
"Kansas","2020","Republican"
"Kansas","2016","Republican"
"Kentucky","2020","Republican"
"Kentucky","2016","Republican"
"Louisiana","2020","Republican"
"Louisiana","2016","Republican"
"Maine","2020","Democratic"
"Maine","2016","Democratic"
"Maryland","2020","Democratic"
"Maryland","2016","Democratic"
"Massachusetts","2020","Democratic"
"Massachusetts","2016","Democratic"
"Michigan","2020","Democratic"
"Michigan","2016","Republican"
"Minnesota","2020","Democratic"
"Minnesota","2016","Democratic"
"Mississippi","2020","Republican"
"Mississippi","2016","Republican"
"Missouri","2020","Republican"
"Missouri","2016","Republican"
"Montana","2020","Republican"
"Montana","2016","Republican"
"Nebraska","2020","Republican"
"Nebraska","2016","Republican"
"Nevada","2020","Democratic"
"Nevada","2016","Democratic"
"New Hampshire","2020","Democratic"
"New Hampshire","2016","Democratic"
"New Jersey","2020","Democratic"
"New Jersey","2016","Democratic"
"New Mexico","2020","Democratic"
"New Mexico","2016","Democratic"
"New York","2020","Democratic"
"New York","2016","Democratic"
"North Carolina","2020","Republican"
"North Carolina","2016","Republican"
"North Dakota","2020","Republican"
"North Dakota","2016","Republican"
"Ohio","2020","Republican"
"Ohio","2016","Republican"
"Oklahoma","2020","Republican"
"Oklahoma","2016","Republican"
"Oregon","2020","Democratic"
"Oregon","2016","Democratic"
"Pennsylvania","2020","Democratic"
"Pennsylvania","2016","Republican"
"Rhode Island","2020","Democratic"
"Rhode Island","2016","Democratic"
"South Carolina","2020","Republican"
"South Carolina","2016","Republican"
"South Dakota","2020","Republican"
"South Dakota","2016","Republican"
"Tennessee","2020","Republican"
"Tennessee","2016","Republican"
"Texas","2020","Republican"
"Texas","2016","Republican"
"Utah","2020","Republican"
"Utah","2016","Republican"
"Vermont","2020","Democratic"
"Vermont","2016","Democratic"
"Virginia","2020","Democratic"
"Virginia","2016","Democratic"
"Washington","2020","Democratic"
"Washington","2016","Democratic"
"West Virginia","2020","Republican"
"West Virginia","2016","Republican"
"Wisconsin","2020","Democratic"
"Wisconsin","2016","Republican"
"Wyoming","2020","Republican"
"Wyoming","2016","Republican"
