"state","race","race_dist","year"
"United States","White",0.612,"2016"
"United States","Black",0.121,"2016"
"United States","Hispanic",0.179,"2016"
"United States","Asian",0.054,"2016"
"United States","White",0.607,"2017"
"United States","Black",0.121,"2017"
"United States","Hispanic",0.182,"2017"
"United States","Asian",0.056,"2017"
"United States","White",0.603,"2018"
"United States","Black",0.121,"2018"
"United States","Hispanic",0.184,"2018"
"United States","Asian",0.121,"2018"
"United States","White",0.601,"2019"
"United States","Black",0.122,"2019"
"United States","Hispanic",0.185,"2019"
"United States","Asian",0.122,"2019"
"United States","White",0.582,"2021"
"United States","Black",0.116,"2021"
"United States","Hispanic",0.19,"2021"
"United States","Asian",0.116,"2021"
"United States","White",0.577,"2022"
"United States","Black",0.117,"2022"
"United States","Hispanic",0.192,"2022"
"United States","Asian",0.058,"2022"
"United States","White",0.572,"2023"
"United States","Black",0.116,"2023"
"United States","Hispanic",0.195,"2023"
"United States","Asian",0.116,"2023"
"Alabama","White",0.66,"2016"
"Alabama","Black",0.265,"2016"
"Alabama","Hispanic",0.041,"2016"
"Alabama","Asian",0.012,"2016"
"Alabama","White",0.658,"2017"
"Alabama","Black",0.266,"2017"
"Alabama","Hispanic",0.041,"2017"
"Alabama","Asian",0.013,"2017"
"Alabama","White",0.656,"2018"
"Alabama","Black",0.265,"2018"
"Alabama","Hispanic",0.043,"2018"
"Alabama","Asian",0.265,"2018"
"Alabama","White",0.654,"2019"
"Alabama","Black",0.265,"2019"
"Alabama","Hispanic",0.044,"2019"
"Alabama","Asian",0.265,"2019"
"Alabama","White",0.644,"2021"
"Alabama","Black",0.255,"2021"
"Alabama","Hispanic",0.047,"2021"
"Alabama","Asian",0.255,"2021"
"Alabama","White",0.645,"2022"
"Alabama","Black",0.252,"2022"
"Alabama","Hispanic",0.048,"2022"
"Alabama","Asian",0.014,"2022"
"Alabama","White",0.636,"2023"
"Alabama","Black",0.25,"2023"
"Alabama","Hispanic",0.058,"2023"
"Alabama","Asian",0.25,"2023"
"Alaska","White",0.614,"2016"
"Alaska","Black",0.029,"2016"
"Alaska","Hispanic",0.067,"2016"
"Alaska","Asian",0.06,"2016"
"Alaska","White",0.61,"2017"
"Alaska","Black",0.025,"2017"
"Alaska","Hispanic",0.067,"2017"
"Alaska","Asian",0.066,"2017"
"Alaska","White",0.601,"2018"
"Alaska","Black",0.029,"2018"
"Alaska","Hispanic",0.071,"2018"
"Alaska","Asian",0.029,"2018"
"Alaska","White",0.6,"2019"
"Alaska","Black",0.022,"2019"
"Alaska","Hispanic",0.07,"2019"
"Alaska","Asian",0.022,"2019"
"Alaska","White",0.579,"2021"
"Alaska","Black",0.026,"2021"
"Alaska","Hispanic",0.067,"2021"
"Alaska","Asian",0.026,"2021"
"Alaska","White",0.577,"2022"
"Alaska","Black",0.028,"2022"
"Alaska","Hispanic",0.073,"2022"
"Alaska","Asian",0.061,"2022"
"Alaska","White",0.574,"2023"
"Alaska","Black",0.023,"2023"
"Alaska","Hispanic",0.074,"2023"
"Alaska","Asian",0.023,"2023"
"Arizona","White",0.555,"2016"
"Arizona","Black",0.04,"2016"
"Arizona","Hispanic",0.309,"2016"
"Arizona","Asian",0.032,"2016"
"Arizona","White",0.55,"2017"
"Arizona","Black",0.04,"2017"
"Arizona","Hispanic",0.313,"2017"
"Arizona","Asian",0.032,"2017"
"Arizona","White",0.545,"2018"
"Arizona","Black",0.042,"2018"
"Arizona","Hispanic",0.316,"2018"
"Arizona","Asian",0.042,"2018"
"Arizona","White",0.542,"2019"
"Arizona","Black",0.043,"2019"
"Arizona","Hispanic",0.318,"2019"
"Arizona","Asian",0.043,"2019"
"Arizona","White",0.521,"2021"
"Arizona","Black",0.041,"2021"
"Arizona","Hispanic",0.324,"2021"
"Arizona","Asian",0.041,"2021"
"Arizona","White",0.518,"2022"
"Arizona","Black",0.043,"2022"
"Arizona","Hispanic",0.325,"2022"
"Arizona","Asian",0.035,"2022"
"Arizona","White",0.523,"2023"
"Arizona","Black",0.044,"2023"
"Arizona","Hispanic",0.317,"2023"
"Arizona","Asian",0.044,"2023"
"Arkansas","White",0.73,"2016"
"Arkansas","Black",0.153,"2016"
"Arkansas","Hispanic",0.073,"2016"
"Arkansas","Asian",0.014,"2016"
"Arkansas","White",0.725,"2017"
"Arkansas","Black",0.149,"2017"
"Arkansas","Hispanic",0.076,"2017"
"Arkansas","Asian",0.017,"2017"
"Arkansas","White",0.722,"2018"
"Arkansas","Black",0.15,"2018"
"Arkansas","Hispanic",0.077,"2018"
"Arkansas","Asian",0.15,"2018"
"Arkansas","White",0.721,"2019"
"Arkansas","Black",0.152,"2019"
"Arkansas","Hispanic",0.078,"2019"
"Arkansas","Asian",0.152,"2019"
"Arkansas","White",0.683,"2021"
"Arkansas","Black",0.144,"2021"
"Arkansas","Hispanic",0.083,"2021"
"Arkansas","Asian",0.144,"2021"
"Arkansas","White",0.677,"2022"
"Arkansas","Black",0.141,"2022"
"Arkansas","Hispanic",0.085,"2022"
"Arkansas","Asian",0.015,"2022"
"Arkansas","White",0.673,"2023"
"Arkansas","Black",0.141,"2023"
"Arkansas","Hispanic",0.092,"2023"
"Arkansas","Asian",0.141,"2023"
"California","White",0.375,"2016"
"California","Black",0.054,"2016"
"California","Hispanic",0.39,"2016"
"California","Asian",0.142,"2016"
"California","White",0.37,"2017"
"California","Black",0.053,"2017"
"California","Hispanic",0.393,"2017"
"California","Asian",0.145,"2017"
"California","White",0.367,"2018"
"California","Black",0.054,"2018"
"California","Hispanic",0.394,"2018"
"California","Asian",0.054,"2018"
"California","White",0.364,"2019"
"California","Black",0.053,"2019"
"California","Hispanic",0.395,"2019"
"California","Asian",0.053,"2019"
"California","White",0.342,"2021"
"California","Black",0.051,"2021"
"California","Hispanic",0.403,"2021"
"California","Asian",0.051,"2021"
"California","White",0.337,"2022"
"California","Black",0.051,"2022"
"California","Hispanic",0.404,"2022"
"California","Asian",0.153,"2022"
"California","White",0.333,"2023"
"California","Black",0.05,"2023"
"California","Hispanic",0.406,"2023"
"California","Asian",0.05,"2023"
"Colorado","White",0.687,"2016"
"Colorado","Black",0.039,"2016"
"Colorado","Hispanic",0.213,"2016"
"Colorado","Asian",0.031,"2016"
"Colorado","White",0.683,"2017"
"Colorado","Black",0.038,"2017"
"Colorado","Hispanic",0.216,"2017"
"Colorado","Asian",0.031,"2017"
"Colorado","White",0.68,"2018"
"Colorado","Black",0.038,"2018"
"Colorado","Hispanic",0.216,"2018"
"Colorado","Asian",0.038,"2018"
"Colorado","White",0.678,"2019"
"Colorado","Black",0.038,"2019"
"Colorado","Hispanic",0.218,"2019"
"Colorado","Asian",0.038,"2019"
"Colorado","White",0.653,"2021"
"Colorado","Black",0.036,"2021"
"Colorado","Hispanic",0.222,"2021"
"Colorado","Asian",0.036,"2021"
"Colorado","White",0.65,"2022"
"Colorado","Black",0.036,"2022"
"Colorado","Hispanic",0.226,"2022"
"Colorado","Asian",0.031,"2022"
"Colorado","White",0.647,"2023"
"Colorado","Black",0.036,"2023"
"Colorado","Hispanic",0.227,"2023"
"Colorado","Asian",0.036,"2023"
"Connecticut","White",0.676,"2016"
"Connecticut","Black",0.098,"2016"
"Connecticut","Hispanic",0.158,"2016"
"Connecticut","Asian",0.045,"2016"
"Connecticut","White",0.667,"2017"
"Connecticut","Black",0.097,"2017"
"Connecticut","Hispanic",0.163,"2017"
"Connecticut","Asian",0.045,"2017"
"Connecticut","White",0.663,"2018"
"Connecticut","Black",0.099,"2018"
"Connecticut","Hispanic",0.166,"2018"
"Connecticut","Asian",0.099,"2018"
"Connecticut","White",0.657,"2019"
"Connecticut","Black",0.1,"2019"
"Connecticut","Hispanic",0.169,"2019"
"Connecticut","Asian",0.1,"2019"
"Connecticut","White",0.628,"2021"
"Connecticut","Black",0.097,"2021"
"Connecticut","Hispanic",0.178,"2021"
"Connecticut","Asian",0.097,"2021"
"Connecticut","White",0.62,"2022"
"Connecticut","Black",0.097,"2022"
"Connecticut","Hispanic",0.183,"2022"
"Connecticut","Asian",0.047,"2022"
"Connecticut","White",0.614,"2023"
"Connecticut","Black",0.098,"2023"
"Connecticut","Hispanic",0.187,"2023"
"Connecticut","Asian",0.098,"2023"
"Delaware","White",0.63,"2016"
"Delaware","Black",0.207,"2016"
"Delaware","Hispanic",0.092,"2016"
"Delaware","Asian",0.04,"2016"
"Delaware","White",0.626,"2017"
"Delaware","Black",0.212,"2017"
"Delaware","Hispanic",0.092,"2017"
"Delaware","Asian",0.04,"2017"
"Delaware","White",0.621,"2018"
"Delaware","Black",0.213,"2018"
"Delaware","Hispanic",0.095,"2018"
"Delaware","Asian",0.213,"2018"
"Delaware","White",0.614,"2019"
"Delaware","Black",0.218,"2019"
"Delaware","Hispanic",0.097,"2019"
"Delaware","Asian",0.218,"2019"
"Delaware","White",0.595,"2021"
"Delaware","Black",0.203,"2021"
"Delaware","Hispanic",0.102,"2021"
"Delaware","Asian",0.203,"2021"
"Delaware","White",0.59,"2022"
"Delaware","Black",0.211,"2022"
"Delaware","Hispanic",0.103,"2022"
"Delaware","Asian",0.041,"2022"
"Delaware","White",0.582,"2023"
"Delaware","Black",0.213,"2023"
"Delaware","Hispanic",0.111,"2023"
"Delaware","Asian",0.213,"2023"
"District of Columbia","White",0.359,"2016"
"District of Columbia","Black",0.468,"2016"
"District of Columbia","Hispanic",0.111,"2016"
"District of Columbia","Asian",0.037,"2016"
"District of Columbia","White",0.36,"2017"
"District of Columbia","Black",0.459,"2017"
"District of Columbia","Hispanic",0.11,"2017"
"District of Columbia","Asian",0.041,"2017"
"District of Columbia","White",0.367,"2018"
"District of Columbia","Black",0.449,"2018"
"District of Columbia","Hispanic",0.113,"2018"
"District of Columbia","Asian",0.449,"2018"
"District of Columbia","White",0.367,"2019"
"District of Columbia","Black",0.45,"2019"
"District of Columbia","Hispanic",0.112,"2019"
"District of Columbia","Asian",0.45,"2019"
"District of Columbia","White",0.359,"2021"
"District of Columbia","Black",0.431,"2021"
"District of Columbia","Hispanic",0.115,"2021"
"District of Columbia","Asian",0.431,"2021"
"District of Columbia","White",0.363,"2022"
"District of Columbia","Black",0.422,"2022"
"District of Columbia","Hispanic",0.119,"2022"
"District of Columbia","Asian",0.039,"2022"
"District of Columbia","White",0.367,"2023"
"District of Columbia","Black",0.409,"2023"
"District of Columbia","Hispanic",0.123,"2023"
"District of Columbia","Asian",0.409,"2023"
"Florida","White",0.547,"2016"
"Florida","Black",0.151,"2016"
"Florida","Hispanic",0.251,"2016"
"Florida","Asian",0.027,"2016"
"Florida","White",0.539,"2017"
"Florida","Black",0.151,"2017"
"Florida","Hispanic",0.258,"2017"
"Florida","Asian",0.028,"2017"
"Florida","White",0.533,"2018"
"Florida","Black",0.151,"2018"
"Florida","Hispanic",0.263,"2018"
"Florida","Asian",0.151,"2018"
"Florida","White",0.53,"2019"
"Florida","Black",0.15,"2019"
"Florida","Hispanic",0.266,"2019"
"Florida","Asian",0.15,"2019"
"Florida","White",0.512,"2021"
"Florida","Black",0.144,"2021"
"Florida","Hispanic",0.27,"2021"
"Florida","Asian",0.144,"2021"
"Florida","White",0.508,"2022"
"Florida","Black",0.144,"2022"
"Florida","Hispanic",0.273,"2022"
"Florida","Asian",0.028,"2022"
"Florida","White",0.503,"2023"
"Florida","Black",0.142,"2023"
"Florida","Hispanic",0.276,"2023"
"Florida","Asian",0.142,"2023"
"Georgia","White",0.534,"2016"
"Georgia","Black",0.308,"2016"
"Georgia","Hispanic",0.094,"2016"
"Georgia","Asian",0.038,"2016"
"Georgia","White",0.529,"2017"
"Georgia","Black",0.309,"2017"
"Georgia","Hispanic",0.096,"2017"
"Georgia","Asian",0.04,"2017"
"Georgia","White",0.525,"2018"
"Georgia","Black",0.309,"2018"
"Georgia","Hispanic",0.097,"2018"
"Georgia","Asian",0.309,"2018"
"Georgia","White",0.52,"2019"
"Georgia","Black",0.313,"2019"
"Georgia","Hispanic",0.098,"2019"
"Georgia","Asian",0.313,"2019"
"Georgia","White",0.503,"2021"
"Georgia","Black",0.303,"2021"
"Georgia","Hispanic",0.1,"2021"
"Georgia","Asian",0.303,"2021"
"Georgia","White",0.498,"2022"
"Georgia","Black",0.306,"2022"
"Georgia","Hispanic",0.104,"2022"
"Georgia","Asian",0.044,"2022"
"Georgia","White",0.488,"2023"
"Georgia","Black",0.304,"2023"
"Georgia","Hispanic",0.111,"2023"
"Georgia","Asian",0.304,"2023"
"Hawaii","White",0.211,"2016"
"Hawaii","Black",0.013,"2016"
"Hawaii","Hispanic",0.102,"2016"
"Hawaii","Asian",0.376,"2016"
"Hawaii","White",0.207,"2017"
"Hawaii","Black",0.01,"2017"
"Hawaii","Hispanic",0.102,"2017"
"Hawaii","Asian",0.382,"2017"
"Hawaii","White",0.206,"2018"
"Hawaii","Black",0.015,"2018"
"Hawaii","Hispanic",0.105,"2018"
"Hawaii","Asian",0.015,"2018"
"Hawaii","White",0.204,"2019"
"Hawaii","Black",0.012,"2019"
"Hawaii","Hispanic",0.103,"2019"
"Hawaii","Asian",0.012,"2019"
"Hawaii","White",0.196,"2021"
"Hawaii","Black",0.013,"2021"
"Hawaii","Hispanic",0.109,"2021"
"Hawaii","Asian",0.013,"2021"
"Hawaii","White",0.195,"2022"
"Hawaii","Black",0.011,"2022"
"Hawaii","Hispanic",0.108,"2022"
"Hawaii","Asian",0.359,"2022"
"Hawaii","White",0.198,"2023"
"Hawaii","Black",0.014,"2023"
"Hawaii","Hispanic",0.098,"2023"
"Hawaii","Asian",0.014,"2023"
"Idaho","White",0.825,"2016"
"Idaho","Black",0.01,"2016"
"Idaho","Hispanic",0.123,"2016"
"Idaho","Asian",0.014,"2016"
"Idaho","White",0.821,"2017"
"Idaho","Black",0.01,"2017"
"Idaho","Hispanic",0.124,"2017"
"Idaho","Asian",0.013,"2017"
"Idaho","White",0.819,"2018"
"Idaho","Black",0.005,"2018"
"Idaho","Hispanic",0.127,"2018"
"Idaho","Asian",0.005,"2018"
"Idaho","White",0.816,"2019"
"Idaho","Black",0.007,"2019"
"Idaho","Hispanic",0.129,"2019"
"Idaho","Asian",0.007,"2019"
"Idaho","White",0.788,"2021"
"Idaho","Black",0.007,"2021"
"Idaho","Hispanic",0.133,"2021"
"Idaho","Asian",0.007,"2021"
"Idaho","White",0.793,"2022"
"Idaho","Black",0.005,"2022"
"Idaho","Hispanic",0.135,"2022"
"Idaho","Asian",0.013,"2022"
"Idaho","White",0.784,"2023"
"Idaho","Black",0.008,"2023"
"Idaho","Hispanic",0.138,"2023"
"Idaho","Asian",0.008,"2023"
"Illinois","White",0.618,"2016"
"Illinois","Black",0.137,"2016"
"Illinois","Hispanic",0.171,"2016"
"Illinois","Asian",0.053,"2016"
"Illinois","White",0.613,"2017"
"Illinois","Black",0.137,"2017"
"Illinois","Hispanic",0.174,"2017"
"Illinois","Asian",0.054,"2017"
"Illinois","White",0.61,"2018"
"Illinois","Black",0.136,"2018"
"Illinois","Hispanic",0.175,"2018"
"Illinois","Asian",0.136,"2018"
"Illinois","White",0.609,"2019"
"Illinois","Black",0.136,"2019"
"Illinois","Hispanic",0.176,"2019"
"Illinois","Asian",0.136,"2019"
"Illinois","White",0.59,"2021"
"Illinois","Black",0.132,"2021"
"Illinois","Hispanic",0.181,"2021"
"Illinois","Asian",0.132,"2021"
"Illinois","White",0.585,"2022"
"Illinois","Black",0.13,"2022"
"Illinois","Hispanic",0.184,"2022"
"Illinois","Asian",0.06,"2022"
"Illinois","White",0.58,"2023"
"Illinois","Black",0.128,"2023"
"Illinois","Hispanic",0.191,"2023"
"Illinois","Asian",0.128,"2023"
"Indiana","White",0.798,"2016"
"Indiana","Black",0.091,"2016"
"Indiana","Hispanic",0.068,"2016"
"Indiana","Asian",0.021,"2016"
"Indiana","White",0.794,"2017"
"Indiana","Black",0.091,"2017"
"Indiana","Hispanic",0.07,"2017"
"Indiana","Asian",0.021,"2017"
"Indiana","White",0.79,"2018"
"Indiana","Black",0.093,"2018"
"Indiana","Hispanic",0.071,"2018"
"Indiana","Asian",0.093,"2018"
"Indiana","White",0.786,"2019"
"Indiana","Black",0.092,"2019"
"Indiana","Hispanic",0.072,"2019"
"Indiana","Asian",0.092,"2019"
"Indiana","White",0.767,"2021"
"Indiana","Black",0.086,"2021"
"Indiana","Hispanic",0.077,"2021"
"Indiana","Asian",0.086,"2021"
"Indiana","White",0.761,"2022"
"Indiana","Black",0.091,"2022"
"Indiana","Hispanic",0.078,"2022"
"Indiana","Asian",0.025,"2022"
"Indiana","White",0.752,"2023"
"Indiana","Black",0.087,"2023"
"Indiana","Hispanic",0.088,"2023"
"Indiana","Asian",0.087,"2023"
"Iowa","White",0.866,"2016"
"Iowa","Black",0.033,"2016"
"Iowa","Hispanic",0.057,"2016"
"Iowa","Asian",0.024,"2016"
"Iowa","White",0.859,"2017"
"Iowa","Black",0.031,"2017"
"Iowa","Hispanic",0.059,"2017"
"Iowa","Asian",0.027,"2017"
"Iowa","White",0.855,"2018"
"Iowa","Black",0.034,"2018"
"Iowa","Hispanic",0.061,"2018"
"Iowa","Asian",0.034,"2018"
"Iowa","White",0.853,"2019"
"Iowa","Black",0.039,"2019"
"Iowa","Hispanic",0.063,"2019"
"Iowa","Asian",0.039,"2019"
"Iowa","White",0.831,"2021"
"Iowa","Black",0.034,"2021"
"Iowa","Hispanic",0.067,"2021"
"Iowa","Asian",0.034,"2021"
"Iowa","White",0.829,"2022"
"Iowa","Black",0.036,"2022"
"Iowa","Hispanic",0.068,"2022"
"Iowa","Asian",0.024,"2022"
"Iowa","White",0.826,"2023"
"Iowa","Black",0.036,"2023"
"Iowa","Hispanic",0.074,"2023"
"Iowa","Asian",0.036,"2023"
"Kansas","White",0.765,"2016"
"Kansas","Black",0.056,"2016"
"Kansas","Hispanic",0.117,"2016"
"Kansas","Asian",0.027,"2016"
"Kansas","White",0.761,"2017"
"Kansas","Black",0.053,"2017"
"Kansas","Hispanic",0.119,"2017"
"Kansas","Asian",0.03,"2017"
"Kansas","White",0.76,"2018"
"Kansas","Black",0.054,"2018"
"Kansas","Hispanic",0.12,"2018"
"Kansas","Asian",0.054,"2018"
"Kansas","White",0.757,"2019"
"Kansas","Black",0.055,"2019"
"Kansas","Hispanic",0.122,"2019"
"Kansas","Asian",0.055,"2019"
"Kansas","White",0.734,"2021"
"Kansas","Black",0.047,"2021"
"Kansas","Hispanic",0.129,"2021"
"Kansas","Asian",0.047,"2021"
"Kansas","White",0.733,"2022"
"Kansas","Black",0.046,"2022"
"Kansas","Hispanic",0.131,"2022"
"Kansas","Asian",0.03,"2022"
"Kansas","White",0.73,"2023"
"Kansas","Black",0.048,"2023"
"Kansas","Hispanic",0.137,"2023"
"Kansas","Asian",0.048,"2023"
"Kentucky","White",0.852,"2016"
"Kentucky","Black",0.08,"2016"
"Kentucky","Hispanic",0.034,"2016"
"Kentucky","Asian",0.014,"2016"
"Kentucky","White",0.849,"2017"
"Kentucky","Black",0.079,"2017"
"Kentucky","Hispanic",0.035,"2017"
"Kentucky","Asian",0.015,"2017"
"Kentucky","White",0.848,"2018"
"Kentucky","Black",0.076,"2018"
"Kentucky","Hispanic",0.036,"2018"
"Kentucky","Asian",0.076,"2018"
"Kentucky","White",0.845,"2019"
"Kentucky","Black",0.08,"2019"
"Kentucky","Hispanic",0.037,"2019"
"Kentucky","Asian",0.08,"2019"
"Kentucky","White",0.83,"2021"
"Kentucky","Black",0.068,"2021"
"Kentucky","Hispanic",0.038,"2021"
"Kentucky","Asian",0.068,"2021"
"Kentucky","White",0.825,"2022"
"Kentucky","Black",0.074,"2022"
"Kentucky","Hispanic",0.041,"2022"
"Kentucky","Asian",0.014,"2022"
"Kentucky","White",0.819,"2023"
"Kentucky","Black",0.071,"2023"
"Kentucky","Hispanic",0.048,"2023"
"Kentucky","Asian",0.071,"2023"
"Louisiana","White",0.594,"2016"
"Louisiana","Black",0.318,"2016"
"Louisiana","Hispanic",0.049,"2016"
"Louisiana","Asian",0.017,"2016"
"Louisiana","White",0.588,"2017"
"Louisiana","Black",0.318,"2017"
"Louisiana","Hispanic",0.052,"2017"
"Louisiana","Asian",0.018,"2017"
"Louisiana","White",0.588,"2018"
"Louisiana","Black",0.316,"2018"
"Louisiana","Hispanic",0.051,"2018"
"Louisiana","Asian",0.316,"2018"
"Louisiana","White",0.588,"2019"
"Louisiana","Black",0.319,"2019"
"Louisiana","Hispanic",0.052,"2019"
"Louisiana","Asian",0.319,"2019"
"Louisiana","White",0.574,"2021"
"Louisiana","Black",0.306,"2021"
"Louisiana","Hispanic",0.055,"2021"
"Louisiana","Asian",0.306,"2021"
"Louisiana","White",0.571,"2022"
"Louisiana","Black",0.306,"2022"
"Louisiana","Hispanic",0.057,"2022"
"Louisiana","Asian",0.018,"2022"
"Louisiana","White",0.56,"2023"
"Louisiana","Black",0.298,"2023"
"Louisiana","Hispanic",0.071,"2023"
"Louisiana","Asian",0.298,"2023"
"Maine","White",0.936,"2016"
"Maine","Black",0.015,"2016"
"Maine","Hispanic",0.015,"2016"
"Maine","Asian",0.012,"2016"
"Maine","White",0.937,"2017"
"Maine","Black",0.011,"2017"
"Maine","Hispanic",0.016,"2017"
"Maine","Asian",0.011,"2017"
"Maine","White",0.934,"2018"
"Maine","Black",0.013,"2018"
"Maine","Hispanic",0.015,"2018"
"Maine","Asian",0.013,"2018"
"Maine","White",0.932,"2019"
"Maine","Black",0.014,"2019"
"Maine","Hispanic",0.017,"2019"
"Maine","Asian",0.014,"2019"
"Maine","White",0.9,"2021"
"Maine","Black",0.014,"2021"
"Maine","Hispanic",0.018,"2021"
"Maine","Asian",0.014,"2021"
"Maine","White",0.905,"2022"
"Maine","Black",0.016,"2022"
"Maine","Hispanic",0.02,"2022"
"Maine","Asian",0.009,"2022"
"Maine","White",0.9,"2023"
"Maine","Black",0.018,"2023"
"Maine","Hispanic",0.021,"2023"
"Maine","Asian",0.018,"2023"
"Maryland","White",0.514,"2016"
"Maryland","Black",0.293,"2016"
"Maryland","Hispanic",0.098,"2016"
"Maryland","Asian",0.063,"2016"
"Maryland","White",0.507,"2017"
"Maryland","Black",0.292,"2017"
"Maryland","Hispanic",0.102,"2017"
"Maryland","Asian",0.065,"2017"
"Maryland","White",0.503,"2018"
"Maryland","Black",0.293,"2018"
"Maryland","Hispanic",0.105,"2018"
"Maryland","Asian",0.293,"2018"
"Maryland","White",0.499,"2019"
"Maryland","Black",0.296,"2019"
"Maryland","Hispanic",0.106,"2019"
"Maryland","Asian",0.296,"2019"
"Maryland","White",0.481,"2021"
"Maryland","Black",0.286,"2021"
"Maryland","Hispanic",0.111,"2021"
"Maryland","Asian",0.286,"2021"
"Maryland","White",0.472,"2022"
"Maryland","Black",0.292,"2022"
"Maryland","Hispanic",0.115,"2022"
"Maryland","Asian",0.066,"2022"
"Maryland","White",0.464,"2023"
"Maryland","Black",0.288,"2023"
"Maryland","Hispanic",0.127,"2023"
"Maryland","Asian",0.288,"2023"
"Massachusetts","White",0.726,"2016"
"Massachusetts","Black",0.067,"2016"
"Massachusetts","Hispanic",0.114,"2016"
"Massachusetts","Asian",0.063,"2016"
"Massachusetts","White",0.717,"2017"
"Massachusetts","Black",0.069,"2017"
"Massachusetts","Hispanic",0.119,"2017"
"Massachusetts","Asian",0.064,"2017"
"Massachusetts","White",0.708,"2018"
"Massachusetts","Black",0.07,"2018"
"Massachusetts","Hispanic",0.124,"2018"
"Massachusetts","Asian",0.07,"2018"
"Massachusetts","White",0.705,"2019"
"Massachusetts","Black",0.07,"2019"
"Massachusetts","Hispanic",0.124,"2019"
"Massachusetts","Asian",0.07,"2019"
"Massachusetts","White",0.677,"2021"
"Massachusetts","Black",0.061,"2021"
"Massachusetts","Hispanic",0.129,"2021"
"Massachusetts","Asian",0.061,"2021"
"Massachusetts","White",0.673,"2022"
"Massachusetts","Black",0.065,"2022"
"Massachusetts","Hispanic",0.131,"2022"
"Massachusetts","Asian",0.07,"2022"
"Massachusetts","White",0.662,"2023"
"Massachusetts","Black",0.065,"2023"
"Massachusetts","Hispanic",0.135,"2023"
"Massachusetts","Asian",0.065,"2023"
"Michigan","White",0.756,"2016"
"Michigan","Black",0.135,"2016"
"Michigan","Hispanic",0.049,"2016"
"Michigan","Asian",0.029,"2016"
"Michigan","White",0.753,"2017"
"Michigan","Black",0.135,"2017"
"Michigan","Hispanic",0.05,"2017"
"Michigan","Asian",0.031,"2017"
"Michigan","White",0.75,"2018"
"Michigan","Black",0.135,"2018"
"Michigan","Hispanic",0.052,"2018"
"Michigan","Asian",0.135,"2018"
"Michigan","White",0.749,"2019"
"Michigan","Black",0.134,"2019"
"Michigan","Hispanic",0.053,"2019"
"Michigan","Asian",0.134,"2019"
"Michigan","White",0.731,"2021"
"Michigan","Black",0.131,"2021"
"Michigan","Hispanic",0.056,"2021"
"Michigan","Asian",0.131,"2021"
"Michigan","White",0.729,"2022"
"Michigan","Black",0.129,"2022"
"Michigan","Hispanic",0.057,"2022"
"Michigan","Asian",0.033,"2022"
"Michigan","White",0.726,"2023"
"Michigan","Black",0.13,"2023"
"Michigan","Hispanic",0.059,"2023"
"Michigan","Asian",0.13,"2023"
"Minnesota","White",0.807,"2016"
"Minnesota","Black",0.057,"2016"
"Minnesota","Hispanic",0.051,"2016"
"Minnesota","Asian",0.049,"2016"
"Minnesota","White",0.8,"2017"
"Minnesota","Black",0.064,"2017"
"Minnesota","Hispanic",0.052,"2017"
"Minnesota","Asian",0.048,"2017"
"Minnesota","White",0.796,"2018"
"Minnesota","Black",0.065,"2018"
"Minnesota","Hispanic",0.054,"2018"
"Minnesota","Asian",0.065,"2018"
"Minnesota","White",0.791,"2019"
"Minnesota","Black",0.064,"2019"
"Minnesota","Hispanic",0.056,"2019"
"Minnesota","Asian",0.064,"2019"
"Minnesota","White",0.769,"2021"
"Minnesota","Black",0.067,"2021"
"Minnesota","Hispanic",0.058,"2021"
"Minnesota","Asian",0.067,"2021"
"Minnesota","White",0.763,"2022"
"Minnesota","Black",0.065,"2022"
"Minnesota","Hispanic",0.058,"2022"
"Minnesota","Asian",0.052,"2022"
"Minnesota","White",0.757,"2023"
"Minnesota","Black",0.068,"2023"
"Minnesota","Hispanic",0.064,"2023"
"Minnesota","Asian",0.068,"2023"
"Mississippi","White",0.572,"2016"
"Mississippi","Black",0.376,"2016"
"Mississippi","Hispanic",0.028,"2016"
"Mississippi","Asian",0.01,"2016"
"Mississippi","White",0.569,"2017"
"Mississippi","Black",0.377,"2017"
"Mississippi","Hispanic",0.028,"2017"
"Mississippi","Asian",0.01,"2017"
"Mississippi","White",0.567,"2018"
"Mississippi","Black",0.377,"2018"
"Mississippi","Hispanic",0.028,"2018"
"Mississippi","Asian",0.377,"2018"
"Mississippi","White",0.566,"2019"
"Mississippi","Black",0.376,"2019"
"Mississippi","Hispanic",0.03,"2019"
"Mississippi","Asian",0.376,"2019"
"Mississippi","White",0.559,"2021"
"Mississippi","Black",0.357,"2021"
"Mississippi","Hispanic",0.031,"2021"
"Mississippi","Asian",0.357,"2021"
"Mississippi","White",0.557,"2022"
"Mississippi","Black",0.364,"2022"
"Mississippi","Hispanic",0.032,"2022"
"Mississippi","Asian",0.009,"2022"
"Mississippi","White",0.552,"2023"
"Mississippi","Black",0.355,"2023"
"Mississippi","Hispanic",0.036,"2023"
"Mississippi","Asian",0.355,"2023"
"Missouri","White",0.798,"2016"
"Missouri","Black",0.113,"2016"
"Missouri","Hispanic",0.04,"2016"
"Missouri","Asian",0.019,"2016"
"Missouri","White",0.797,"2017"
"Missouri","Black",0.111,"2017"
"Missouri","Hispanic",0.042,"2017"
"Missouri","Asian",0.02,"2017"
"Missouri","White",0.795,"2018"
"Missouri","Black",0.113,"2018"
"Missouri","Hispanic",0.041,"2018"
"Missouri","Asian",0.113,"2018"
"Missouri","White",0.794,"2019"
"Missouri","Black",0.112,"2019"
"Missouri","Hispanic",0.043,"2019"
"Missouri","Asian",0.112,"2019"
"Missouri","White",0.768,"2021"
"Missouri","Black",0.106,"2021"
"Missouri","Hispanic",0.046,"2021"
"Missouri","Asian",0.106,"2021"
"Missouri","White",0.769,"2022"
"Missouri","Black",0.104,"2022"
"Missouri","Hispanic",0.047,"2022"
"Missouri","Asian",0.021,"2022"
"Missouri","White",0.768,"2023"
"Missouri","Black",0.105,"2023"
"Missouri","Hispanic",0.052,"2023"
"Missouri","Asian",0.105,"2023"
"Montana","White",0.866,"2016"
"Montana","Black",NA,"2016"
"Montana","Hispanic",0.035,"2016"
"Montana","Asian",0.01,"2016"
"Montana","White",0.865,"2017"
"Montana","Black",NA,"2017"
"Montana","Hispanic",0.036,"2017"
"Montana","Asian",0.01,"2017"
"Montana","White",0.861,"2018"
"Montana","Black",NA,"2018"
"Montana","Hispanic",0.039,"2018"
"Montana","Asian",NA,"2018"
"Montana","White",0.861,"2019"
"Montana","Black",0.006,"2019"
"Montana","Hispanic",0.037,"2019"
"Montana","Asian",0.006,"2019"
"Montana","White",0.838,"2021"
"Montana","Black",0.004,"2021"
"Montana","Hispanic",0.043,"2021"
"Montana","Asian",0.004,"2021"
"Montana","White",0.838,"2022"
"Montana","Black",0.003,"2022"
"Montana","Hispanic",0.043,"2022"
"Montana","Asian",0.006,"2022"
"Montana","White",0.839,"2023"
"Montana","Black",0.005,"2023"
"Montana","Hispanic",0.046,"2023"
"Montana","Asian",0.005,"2023"
"Nebraska","White",0.8,"2016"
"Nebraska","Black",0.044,"2016"
"Nebraska","Hispanic",0.106,"2016"
"Nebraska","Asian",0.023,"2016"
"Nebraska","White",0.792,"2017"
"Nebraska","Black",0.043,"2017"
"Nebraska","Hispanic",0.11,"2017"
"Nebraska","Asian",0.025,"2017"
"Nebraska","White",0.787,"2018"
"Nebraska","Black",0.044,"2018"
"Nebraska","Hispanic",0.111,"2018"
"Nebraska","Asian",0.044,"2018"
"Nebraska","White",0.785,"2019"
"Nebraska","Black",0.048,"2019"
"Nebraska","Hispanic",0.113,"2019"
"Nebraska","Asian",0.048,"2019"
"Nebraska","White",0.766,"2021"
"Nebraska","Black",0.042,"2021"
"Nebraska","Hispanic",0.12,"2021"
"Nebraska","Asian",0.042,"2021"
"Nebraska","White",0.759,"2022"
"Nebraska","Black",0.042,"2022"
"Nebraska","Hispanic",0.123,"2022"
"Nebraska","Asian",0.023,"2022"
"Nebraska","White",0.752,"2023"
"Nebraska","Black",0.042,"2023"
"Nebraska","Hispanic",0.13,"2023"
"Nebraska","Asian",0.042,"2023"
"Nevada","White",0.499,"2016"
"Nevada","Black",0.083,"2016"
"Nevada","Hispanic",0.285,"2016"
"Nevada","Asian",0.083,"2016"
"Nevada","White",0.489,"2017"
"Nevada","Black",0.087,"2017"
"Nevada","Hispanic",0.289,"2017"
"Nevada","Asian",0.084,"2017"
"Nevada","White",0.485,"2018"
"Nevada","Black",0.087,"2018"
"Nevada","Hispanic",0.291,"2018"
"Nevada","Asian",0.087,"2018"
"Nevada","White",0.478,"2019"
"Nevada","Black",0.092,"2019"
"Nevada","Hispanic",0.293,"2019"
"Nevada","Asian",0.092,"2019"
"Nevada","White",0.451,"2021"
"Nevada","Black",0.086,"2021"
"Nevada","Hispanic",0.301,"2021"
"Nevada","Asian",0.086,"2021"
"Nevada","White",0.444,"2022"
"Nevada","Black",0.09,"2022"
"Nevada","Hispanic",0.303,"2022"
"Nevada","Asian",0.09,"2022"
"Nevada","White",0.444,"2023"
"Nevada","Black",0.087,"2023"
"Nevada","Hispanic",0.3,"2023"
"Nevada","Asian",0.087,"2023"
"New Hampshire","White",0.911,"2016"
"New Hampshire","Black",0.011,"2016"
"New Hampshire","Hispanic",0.035,"2016"
"New Hampshire","Asian",0.025,"2016"
"New Hampshire","White",0.906,"2017"
"New Hampshire","Black",0.013,"2017"
"New Hampshire","Hispanic",0.036,"2017"
"New Hampshire","Asian",0.027,"2017"
"New Hampshire","White",0.902,"2018"
"New Hampshire","Black",0.011,"2018"
"New Hampshire","Hispanic",0.038,"2018"
"New Hampshire","Asian",0.011,"2018"
"New Hampshire","White",0.898,"2019"
"New Hampshire","Black",0.013,"2019"
"New Hampshire","Hispanic",0.039,"2019"
"New Hampshire","Asian",0.013,"2019"
"New Hampshire","White",0.876,"2021"
"New Hampshire","Black",0.012,"2021"
"New Hampshire","Hispanic",0.043,"2021"
"New Hampshire","Asian",0.012,"2021"
"New Hampshire","White",0.867,"2022"
"New Hampshire","Black",0.014,"2022"
"New Hampshire","Hispanic",0.045,"2022"
"New Hampshire","Asian",0.026,"2022"
"New Hampshire","White",0.865,"2023"
"New Hampshire","Black",0.012,"2023"
"New Hampshire","Hispanic",0.045,"2023"
"New Hampshire","Asian",0.012,"2023"
"New Jersey","White",0.557,"2016"
"New Jersey","Black",0.125,"2016"
"New Jersey","Hispanic",0.2,"2016"
"New Jersey","Asian",0.095,"2016"
"New Jersey","White",0.55,"2017"
"New Jersey","Black",0.125,"2017"
"New Jersey","Hispanic",0.205,"2017"
"New Jersey","Asian",0.098,"2017"
"New Jersey","White",0.547,"2018"
"New Jersey","Black",0.126,"2018"
"New Jersey","Hispanic",0.208,"2018"
"New Jersey","Asian",0.126,"2018"
"New Jersey","White",0.545,"2019"
"New Jersey","Black",0.124,"2019"
"New Jersey","Hispanic",0.21,"2019"
"New Jersey","Asian",0.124,"2019"
"New Jersey","White",0.522,"2021"
"New Jersey","Black",0.121,"2021"
"New Jersey","Hispanic",0.216,"2021"
"New Jersey","Asian",0.121,"2021"
"New Jersey","White",0.515,"2022"
"New Jersey","Black",0.118,"2022"
"New Jersey","Hispanic",0.22,"2022"
"New Jersey","Asian",0.101,"2022"
"New Jersey","White",0.506,"2023"
"New Jersey","Black",0.119,"2023"
"New Jersey","Hispanic",0.227,"2023"
"New Jersey","Asian",0.119,"2023"
"New Mexico","White",0.379,"2016"
"New Mexico","Black",0.017,"2016"
"New Mexico","Hispanic",0.486,"2016"
"New Mexico","Asian",0.015,"2016"
"New Mexico","White",0.373,"2017"
"New Mexico","Black",0.016,"2017"
"New Mexico","Hispanic",0.49,"2017"
"New Mexico","Asian",0.013,"2017"
"New Mexico","White",0.369,"2018"
"New Mexico","Black",0.018,"2018"
"New Mexico","Hispanic",0.491,"2018"
"New Mexico","Asian",0.018,"2018"
"New Mexico","White",0.367,"2019"
"New Mexico","Black",0.017,"2019"
"New Mexico","Hispanic",0.495,"2019"
"New Mexico","Asian",0.017,"2019"
"New Mexico","White",0.348,"2021"
"New Mexico","Black",0.016,"2021"
"New Mexico","Hispanic",0.503,"2021"
"New Mexico","Asian",0.016,"2021"
"New Mexico","White",0.347,"2022"
"New Mexico","Black",0.015,"2022"
"New Mexico","Hispanic",0.505,"2022"
"New Mexico","Asian",0.016,"2022"
"New Mexico","White",0.361,"2023"
"New Mexico","Black",0.016,"2023"
"New Mexico","Hispanic",0.487,"2023"
"New Mexico","Asian",0.016,"2023"
"New York","White",0.556,"2016"
"New York","Black",0.142,"2016"
"New York","Hispanic",0.191,"2016"
"New York","Asian",0.085,"2016"
"New York","White",0.552,"2017"
"New York","Black",0.142,"2017"
"New York","Hispanic",0.193,"2017"
"New York","Asian",0.087,"2017"
"New York","White",0.553,"2018"
"New York","Black",0.141,"2018"
"New York","Hispanic",0.193,"2018"
"New York","Asian",0.141,"2018"
"New York","White",0.552,"2019"
"New York","Black",0.14,"2019"
"New York","Hispanic",0.193,"2019"
"New York","Asian",0.14,"2019"
"New York","White",0.535,"2021"
"New York","Black",0.132,"2021"
"New York","Hispanic",0.196,"2021"
"New York","Asian",0.132,"2021"
"New York","White",0.53,"2022"
"New York","Black",0.133,"2022"
"New York","Hispanic",0.197,"2022"
"New York","Asian",0.09,"2022"
"New York","White",0.528,"2023"
"New York","Black",0.132,"2023"
"New York","Hispanic",0.199,"2023"
"New York","Asian",0.132,"2023"
"North Carolina","White",0.636,"2016"
"North Carolina","Black",0.211,"2016"
"North Carolina","Hispanic",0.092,"2016"
"North Carolina","Asian",0.027,"2016"
"North Carolina","White",0.631,"2017"
"North Carolina","Black",0.21,"2017"
"North Carolina","Hispanic",0.094,"2017"
"North Carolina","Asian",0.028,"2017"
"North Carolina","White",0.629,"2018"
"North Carolina","Black",0.209,"2018"
"North Carolina","Hispanic",0.096,"2018"
"North Carolina","Asian",0.209,"2018"
"North Carolina","White",0.627,"2019"
"North Carolina","Black",0.209,"2019"
"North Carolina","Hispanic",0.097,"2019"
"North Carolina","Asian",0.209,"2019"
"North Carolina","White",0.611,"2021"
"North Carolina","Black",0.197,"2021"
"North Carolina","Hispanic",0.101,"2021"
"North Carolina","Asian",0.197,"2021"
"North Carolina","White",0.609,"2022"
"North Carolina","Black",0.2,"2022"
"North Carolina","Hispanic",0.104,"2022"
"North Carolina","Asian",0.031,"2022"
"North Carolina","White",0.599,"2023"
"North Carolina","Black",0.198,"2023"
"North Carolina","Hispanic",0.114,"2023"
"North Carolina","Asian",0.198,"2023"
"North Dakota","White",0.854,"2016"
"North Dakota","Black",0.026,"2016"
"North Dakota","Hispanic",0.031,"2016"
"North Dakota","Asian",0.01,"2016"
"North Dakota","White",0.847,"2017"
"North Dakota","Black",0.029,"2017"
"North Dakota","Hispanic",0.034,"2017"
"North Dakota","Asian",0.017,"2017"
"North Dakota","White",0.839,"2018"
"North Dakota","Black",0.03,"2018"
"North Dakota","Hispanic",0.035,"2018"
"North Dakota","Asian",0.03,"2018"
"North Dakota","White",0.841,"2019"
"North Dakota","Black",0.024,"2019"
"North Dakota","Hispanic",0.04,"2019"
"North Dakota","Asian",0.024,"2019"
"North Dakota","White",0.827,"2021"
"North Dakota","Black",0.029,"2021"
"North Dakota","Hispanic",0.039,"2021"
"North Dakota","Asian",0.029,"2021"
"North Dakota","White",0.828,"2022"
"North Dakota","Black",0.026,"2022"
"North Dakota","Hispanic",0.044,"2022"
"North Dakota","Asian",0.012,"2022"
"North Dakota","White",0.816,"2023"
"North Dakota","Black",0.026,"2023"
"North Dakota","Hispanic",0.044,"2023"
"North Dakota","Asian",0.026,"2023"
"Ohio","White",0.796,"2016"
"Ohio","Black",0.121,"2016"
"Ohio","Hispanic",0.036,"2016"
"Ohio","Asian",0.02,"2016"
"Ohio","White",0.792,"2017"
"Ohio","Black",0.12,"2017"
"Ohio","Hispanic",0.037,"2017"
"Ohio","Asian",0.022,"2017"
"Ohio","White",0.788,"2018"
"Ohio","Black",0.121,"2018"
"Ohio","Hispanic",0.038,"2018"
"Ohio","Asian",0.121,"2018"
"Ohio","White",0.786,"2019"
"Ohio","Black",0.122,"2019"
"Ohio","Hispanic",0.04,"2019"
"Ohio","Asian",0.122,"2019"
"Ohio","White",0.767,"2021"
"Ohio","Black",0.115,"2021"
"Ohio","Hispanic",0.043,"2021"
"Ohio","Asian",0.115,"2021"
"Ohio","White",0.763,"2022"
"Ohio","Black",0.118,"2022"
"Ohio","Hispanic",0.044,"2022"
"Ohio","Asian",0.025,"2022"
"Ohio","White",0.758,"2023"
"Ohio","Black",0.117,"2023"
"Ohio","Hispanic",0.048,"2023"
"Ohio","Asian",0.117,"2023"
"Oklahoma","White",0.663,"2016"
"Oklahoma","Black",0.069,"2016"
"Oklahoma","Hispanic",0.103,"2016"
"Oklahoma","Asian",0.019,"2016"
"Oklahoma","White",0.659,"2017"
"Oklahoma","Black",0.069,"2017"
"Oklahoma","Hispanic",0.105,"2017"
"Oklahoma","Asian",0.021,"2017"
"Oklahoma","White",0.653,"2018"
"Oklahoma","Black",0.07,"2018"
"Oklahoma","Hispanic",0.109,"2018"
"Oklahoma","Asian",0.07,"2018"
"Oklahoma","White",0.65,"2019"
"Oklahoma","Black",0.069,"2019"
"Oklahoma","Hispanic",0.111,"2019"
"Oklahoma","Asian",0.069,"2019"
"Oklahoma","White",0.629,"2021"
"Oklahoma","Black",0.065,"2021"
"Oklahoma","Hispanic",0.119,"2021"
"Oklahoma","Asian",0.065,"2021"
"Oklahoma","White",0.628,"2022"
"Oklahoma","Black",0.065,"2022"
"Oklahoma","Hispanic",0.122,"2022"
"Oklahoma","Asian",0.023,"2022"
"Oklahoma","White",0.619,"2023"
"Oklahoma","Black",0.064,"2023"
"Oklahoma","Hispanic",0.129,"2023"
"Oklahoma","Asian",0.064,"2023"
"Oregon","White",0.763,"2016"
"Oregon","Black",0.017,"2016"
"Oregon","Hispanic",0.127,"2016"
"Oregon","Asian",0.042,"2016"
"Oregon","White",0.758,"2017"
"Oregon","Black",0.017,"2017"
"Oregon","Hispanic",0.13,"2017"
"Oregon","Asian",0.045,"2017"
"Oregon","White",0.752,"2018"
"Oregon","Black",0.018,"2018"
"Oregon","Hispanic",0.133,"2018"
"Oregon","Asian",0.018,"2018"
"Oregon","White",0.75,"2019"
"Oregon","Black",0.018,"2019"
"Oregon","Hispanic",0.134,"2019"
"Oregon","Asian",0.018,"2019"
"Oregon","White",0.721,"2021"
"Oregon","Black",0.018,"2021"
"Oregon","Hispanic",0.14,"2021"
"Oregon","Asian",0.018,"2021"
"Oregon","White",0.718,"2022"
"Oregon","Black",0.017,"2022"
"Oregon","Hispanic",0.144,"2022"
"Oregon","Asian",0.045,"2022"
"Oregon","White",0.71,"2023"
"Oregon","Black",0.019,"2023"
"Oregon","Hispanic",0.149,"2023"
"Oregon","Asian",0.019,"2023"
"Pennsylvania","White",0.773,"2016"
"Pennsylvania","Black",0.103,"2016"
"Pennsylvania","Hispanic",0.07,"2016"
"Pennsylvania","Asian",0.033,"2016"
"Pennsylvania","White",0.767,"2017"
"Pennsylvania","Black",0.105,"2017"
"Pennsylvania","Hispanic",0.073,"2017"
"Pennsylvania","Asian",0.034,"2017"
"Pennsylvania","White",0.763,"2018"
"Pennsylvania","Black",0.103,"2018"
"Pennsylvania","Hispanic",0.076,"2018"
"Pennsylvania","Asian",0.103,"2018"
"Pennsylvania","White",0.76,"2019"
"Pennsylvania","Black",0.104,"2019"
"Pennsylvania","Hispanic",0.078,"2019"
"Pennsylvania","Asian",0.104,"2019"
"Pennsylvania","White",0.739,"2021"
"Pennsylvania","Black",0.097,"2021"
"Pennsylvania","Hispanic",0.084,"2021"
"Pennsylvania","Asian",0.097,"2021"
"Pennsylvania","White",0.733,"2022"
"Pennsylvania","Black",0.098,"2022"
"Pennsylvania","Hispanic",0.087,"2022"
"Pennsylvania","Asian",0.037,"2022"
"Pennsylvania","White",0.73,"2023"
"Pennsylvania","Black",0.099,"2023"
"Pennsylvania","Hispanic",0.089,"2023"
"Pennsylvania","Asian",0.099,"2023"
"Rhode Island","White",0.728,"2016"
"Rhode Island","Black",0.056,"2016"
"Rhode Island","Hispanic",0.151,"2016"
"Rhode Island","Asian",0.033,"2016"
"Rhode Island","White",0.722,"2017"
"Rhode Island","Black",0.054,"2017"
"Rhode Island","Hispanic",0.155,"2017"
"Rhode Island","Asian",0.035,"2017"
"Rhode Island","White",0.715,"2018"
"Rhode Island","Black",0.056,"2018"
"Rhode Island","Hispanic",0.16,"2018"
"Rhode Island","Asian",0.056,"2018"
"Rhode Island","White",0.705,"2019"
"Rhode Island","Black",0.059,"2019"
"Rhode Island","Hispanic",0.166,"2019"
"Rhode Island","Asian",0.059,"2019"
"Rhode Island","White",0.689,"2021"
"Rhode Island","Black",0.043,"2021"
"Rhode Island","Hispanic",0.174,"2021"
"Rhode Island","Asian",0.043,"2021"
"Rhode Island","White",0.68,"2022"
"Rhode Island","Black",0.045,"2022"
"Rhode Island","Hispanic",0.179,"2022"
"Rhode Island","Asian",0.032,"2022"
"Rhode Island","White",0.676,"2023"
"Rhode Island","Black",0.046,"2023"
"Rhode Island","Hispanic",0.182,"2023"
"Rhode Island","Asian",0.046,"2023"
"South Carolina","White",0.64,"2016"
"South Carolina","Black",0.267,"2016"
"South Carolina","Hispanic",0.055,"2016"
"South Carolina","Asian",0.015,"2016"
"South Carolina","White",0.64,"2017"
"South Carolina","Black",0.267,"2017"
"South Carolina","Hispanic",0.056,"2017"
"South Carolina","Asian",0.015,"2017"
"South Carolina","White",0.638,"2018"
"South Carolina","Black",0.263,"2018"
"South Carolina","Hispanic",0.058,"2018"
"South Carolina","Asian",0.263,"2018"
"South Carolina","White",0.637,"2019"
"South Carolina","Black",0.262,"2019"
"South Carolina","Hispanic",0.057,"2019"
"South Carolina","Asian",0.262,"2019"
"South Carolina","White",0.628,"2021"
"South Carolina","Black",0.247,"2021"
"South Carolina","Hispanic",0.063,"2021"
"South Carolina","Asian",0.247,"2021"
"South Carolina","White",0.628,"2022"
"South Carolina","Black",0.247,"2022"
"South Carolina","Hispanic",0.064,"2022"
"South Carolina","Asian",0.017,"2022"
"South Carolina","White",0.62,"2023"
"South Carolina","Black",0.24,"2023"
"South Carolina","Hispanic",0.074,"2023"
"South Carolina","Asian",0.24,"2023"
"South Dakota","White",0.827,"2016"
"South Dakota","Black",0.013,"2016"
"South Dakota","Hispanic",0.037,"2016"
"South Dakota","Asian",0.015,"2016"
"South Dakota","White",0.825,"2017"
"South Dakota","Black",0.021,"2017"
"South Dakota","Hispanic",0.036,"2017"
"South Dakota","Asian",0.013,"2017"
"South Dakota","White",0.816,"2018"
"South Dakota","Black",0.022,"2018"
"South Dakota","Hispanic",0.038,"2018"
"South Dakota","Asian",0.022,"2018"
"South Dakota","White",0.819,"2019"
"South Dakota","Black",0.022,"2019"
"South Dakota","Hispanic",0.037,"2019"
"South Dakota","Asian",0.022,"2019"
"South Dakota","White",0.802,"2021"
"South Dakota","Black",0.02,"2021"
"South Dakota","Hispanic",0.04,"2021"
"South Dakota","Asian",0.02,"2021"
"South Dakota","White",0.801,"2022"
"South Dakota","Black",0.019,"2022"
"South Dakota","Hispanic",0.046,"2022"
"South Dakota","Asian",0.014,"2022"
"South Dakota","White",0.796,"2023"
"South Dakota","Black",0.024,"2023"
"South Dakota","Hispanic",0.05,"2023"
"South Dakota","Asian",0.024,"2023"
"Tennessee","White",0.744,"2016"
"Tennessee","Black",0.164,"2016"
"Tennessee","Hispanic",0.052,"2016"
"Tennessee","Asian",0.018,"2016"
"Tennessee","White",0.741,"2017"
"Tennessee","Black",0.164,"2017"
"Tennessee","Hispanic",0.054,"2017"
"Tennessee","Asian",0.018,"2017"
"Tennessee","White",0.738,"2018"
"Tennessee","Black",0.165,"2018"
"Tennessee","Hispanic",0.055,"2018"
"Tennessee","Asian",0.165,"2018"
"Tennessee","White",0.736,"2019"
"Tennessee","Black",0.164,"2019"
"Tennessee","Hispanic",0.057,"2019"
"Tennessee","Asian",0.164,"2019"
"Tennessee","White",0.723,"2021"
"Tennessee","Black",0.151,"2021"
"Tennessee","Hispanic",0.06,"2021"
"Tennessee","Asian",0.151,"2021"
"Tennessee","White",0.721,"2022"
"Tennessee","Black",0.152,"2022"
"Tennessee","Hispanic",0.063,"2022"
"Tennessee","Asian",0.019,"2022"
"Tennessee","White",0.713,"2023"
"Tennessee","Black",0.15,"2023"
"Tennessee","Hispanic",0.075,"2023"
"Tennessee","Asian",0.15,"2023"
"Texas","White",0.425,"2016"
"Texas","Black",0.115,"2016"
"Texas","Hispanic",0.393,"2016"
"Texas","Asian",0.047,"2016"
"Texas","White",0.419,"2017"
"Texas","Black",0.116,"2017"
"Texas","Hispanic",0.397,"2017"
"Texas","Asian",0.048,"2017"
"Texas","White",0.414,"2018"
"Texas","Black",0.116,"2018"
"Texas","Hispanic",0.398,"2018"
"Texas","Asian",0.116,"2018"
"Texas","White",0.411,"2019"
"Texas","Black",0.117,"2019"
"Texas","Hispanic",0.4,"2019"
"Texas","Asian",0.117,"2019"
"Texas","White",0.393,"2021"
"Texas","Black",0.114,"2021"
"Texas","Hispanic",0.404,"2021"
"Texas","Asian",0.114,"2021"
"Texas","White",0.389,"2022"
"Texas","Black",0.115,"2022"
"Texas","Hispanic",0.405,"2022"
"Texas","Asian",0.054,"2022"
"Texas","White",0.388,"2023"
"Texas","Black",0.118,"2023"
"Texas","Hispanic",0.4,"2023"
"Texas","Asian",0.118,"2023"
"Utah","White",0.788,"2016"
"Utah","Black",0.01,"2016"
"Utah","Hispanic",0.138,"2016"
"Utah","Asian",0.024,"2016"
"Utah","White",0.785,"2017"
"Utah","Black",0.011,"2017"
"Utah","Hispanic",0.14,"2017"
"Utah","Asian",0.024,"2017"
"Utah","White",0.78,"2018"
"Utah","Black",0.012,"2018"
"Utah","Hispanic",0.141,"2018"
"Utah","Asian",0.012,"2018"
"Utah","White",0.778,"2019"
"Utah","Black",0.01,"2019"
"Utah","Hispanic",0.144,"2019"
"Utah","Asian",0.01,"2019"
"Utah","White",0.76,"2021"
"Utah","Black",0.01,"2021"
"Utah","Hispanic",0.147,"2021"
"Utah","Asian",0.01,"2021"
"Utah","White",0.756,"2022"
"Utah","Black",0.01,"2022"
"Utah","Hispanic",0.152,"2022"
"Utah","Asian",0.026,"2022"
"Utah","White",0.745,"2023"
"Utah","Black",0.01,"2023"
"Utah","Hispanic",0.16,"2023"
"Utah","Asian",0.01,"2023"
"Vermont","White",0.935,"2016"
"Vermont","Black",0.01,"2016"
"Vermont","Hispanic",0.019,"2016"
"Vermont","Asian",0.011,"2016"
"Vermont","White",0.931,"2017"
"Vermont","Black",0.012,"2017"
"Vermont","Hispanic",0.017,"2017"
"Vermont","Asian",0.017,"2017"
"Vermont","White",0.929,"2018"
"Vermont","Black",0.011,"2018"
"Vermont","Hispanic",0.018,"2018"
"Vermont","Asian",0.011,"2018"
"Vermont","White",0.928,"2019"
"Vermont","Black",0.011,"2019"
"Vermont","Hispanic",0.018,"2019"
"Vermont","Asian",0.011,"2019"
"Vermont","White",0.906,"2021"
"Vermont","Black",0.011,"2021"
"Vermont","Hispanic",0.02,"2021"
"Vermont","Asian",0.011,"2021"
"Vermont","White",0.904,"2022"
"Vermont","Black",0.008,"2022"
"Vermont","Hispanic",0.022,"2022"
"Vermont","Asian",0.015,"2022"
"Vermont","White",0.892,"2023"
"Vermont","Black",0.013,"2023"
"Vermont","Hispanic",0.024,"2023"
"Vermont","Asian",0.013,"2023"
"Virginia","White",0.623,"2016"
"Virginia","Black",0.185,"2016"
"Virginia","Hispanic",0.091,"2016"
"Virginia","Asian",0.064,"2016"
"Virginia","White",0.619,"2017"
"Virginia","Black",0.185,"2017"
"Virginia","Hispanic",0.093,"2017"
"Virginia","Asian",0.066,"2017"
"Virginia","White",0.615,"2018"
"Virginia","Black",0.186,"2018"
"Virginia","Hispanic",0.095,"2018"
"Virginia","Asian",0.186,"2018"
"Virginia","White",0.613,"2019"
"Virginia","Black",0.189,"2019"
"Virginia","Hispanic",0.096,"2019"
"Virginia","Asian",0.189,"2019"
"Virginia","White",0.595,"2021"
"Virginia","Black",0.177,"2021"
"Virginia","Hispanic",0.102,"2021"
"Virginia","Asian",0.177,"2021"
"Virginia","White",0.589,"2022"
"Virginia","Black",0.182,"2022"
"Virginia","Hispanic",0.104,"2022"
"Virginia","Asian",0.07,"2022"
"Virginia","White",0.583,"2023"
"Virginia","Black",0.179,"2023"
"Virginia","Hispanic",0.111,"2023"
"Virginia","Asian",0.179,"2023"
"Washington","White",0.695,"2016"
"Washington","Black",0.034,"2016"
"Washington","Hispanic",0.124,"2016"
"Washington","Asian",0.081,"2016"
"Washington","White",0.687,"2017"
"Washington","Black",0.034,"2017"
"Washington","Hispanic",0.127,"2017"
"Washington","Asian",0.085,"2017"
"Washington","White",0.679,"2018"
"Washington","Black",0.037,"2018"
"Washington","Hispanic",0.129,"2018"
"Washington","Asian",0.037,"2018"
"Washington","White",0.675,"2019"
"Washington","Black",0.038,"2019"
"Washington","Hispanic",0.13,"2019"
"Washington","Asian",0.038,"2019"
"Washington","White",0.646,"2021"
"Washington","Black",0.037,"2021"
"Washington","Hispanic",0.136,"2021"
"Washington","Asian",0.037,"2021"
"Washington","White",0.636,"2022"
"Washington","Black",0.038,"2022"
"Washington","Hispanic",0.14,"2022"
"Washington","Asian",0.098,"2022"
"Washington","White",0.625,"2023"
"Washington","Black",0.038,"2023"
"Washington","Hispanic",0.145,"2023"
"Washington","Asian",0.038,"2023"
"West Virginia","White",0.924,"2016"
"West Virginia","Black",0.034,"2016"
"West Virginia","Hispanic",0.014,"2016"
"West Virginia","Asian",0.01,"2016"
"West Virginia","White",0.926,"2017"
"West Virginia","Black",0.037,"2017"
"West Virginia","Hispanic",0.012,"2017"
"West Virginia","Asian",0.01,"2017"
"West Virginia","White",0.925,"2018"
"West Virginia","Black",0.036,"2018"
"West Virginia","Hispanic",0.013,"2018"
"West Virginia","Asian",0.036,"2018"
"West Virginia","White",0.925,"2019"
"West Virginia","Black",0.032,"2019"
"West Virginia","Hispanic",0.014,"2019"
"West Virginia","Asian",0.032,"2019"
"West Virginia","White",0.906,"2021"
"West Virginia","Black",0.025,"2021"
"West Virginia","Hispanic",0.017,"2021"
"West Virginia","Asian",0.025,"2021"
"West Virginia","White",0.904,"2022"
"West Virginia","Black",0.029,"2022"
"West Virginia","Hispanic",0.019,"2022"
"West Virginia","Asian",0.007,"2022"
"West Virginia","White",0.902,"2023"
"West Virginia","Black",0.026,"2023"
"West Virginia","Hispanic",0.02,"2023"
"West Virginia","Asian",0.026,"2023"
"Wisconsin","White",0.819,"2016"
"Wisconsin","Black",0.06,"2016"
"Wisconsin","Hispanic",0.067,"2016"
"Wisconsin","Asian",0.027,"2016"
"Wisconsin","White",0.815,"2017"
"Wisconsin","Black",0.058,"2017"
"Wisconsin","Hispanic",0.068,"2017"
"Wisconsin","Asian",0.03,"2017"
"Wisconsin","White",0.812,"2018"
"Wisconsin","Black",0.062,"2018"
"Wisconsin","Hispanic",0.07,"2018"
"Wisconsin","Asian",0.062,"2018"
"Wisconsin","White",0.811,"2019"
"Wisconsin","Black",0.062,"2019"
"Wisconsin","Hispanic",0.071,"2019"
"Wisconsin","Asian",0.062,"2019"
"Wisconsin","White",0.793,"2021"
"Wisconsin","Black",0.058,"2021"
"Wisconsin","Hispanic",0.075,"2021"
"Wisconsin","Asian",0.058,"2021"
"Wisconsin","White",0.791,"2022"
"Wisconsin","Black",0.057,"2022"
"Wisconsin","Hispanic",0.076,"2022"
"Wisconsin","Asian",0.029,"2022"
"Wisconsin","White",0.787,"2023"
"Wisconsin","Black",0.057,"2023"
"Wisconsin","Hispanic",0.081,"2023"
"Wisconsin","Asian",0.057,"2023"
"Wyoming","White",0.847,"2016"
"Wyoming","Black",0.01,"2016"
"Wyoming","Hispanic",0.096,"2016"
"Wyoming","Asian",0.01,"2016"
"Wyoming","White",0.842,"2017"
"Wyoming","Black",0.01,"2017"
"Wyoming","Hispanic",0.1,"2017"
"Wyoming","Asian",0.01,"2017"
"Wyoming","White",0.842,"2018"
"Wyoming","Black",0.005,"2018"
"Wyoming","Hispanic",0.1,"2018"
"Wyoming","Asian",0.005,"2018"
"Wyoming","White",0.838,"2019"
"Wyoming","Black",0.01,"2019"
"Wyoming","Hispanic",0.101,"2019"
"Wyoming","Asian",0.01,"2019"
"Wyoming","White",0.813,"2021"
"Wyoming","Black",0.009,"2021"
"Wyoming","Hispanic",0.106,"2021"
"Wyoming","Asian",0.009,"2021"
"Wyoming","White",0.819,"2022"
"Wyoming","Black",0.007,"2022"
"Wyoming","Hispanic",0.109,"2022"
"Wyoming","Asian",0.006,"2022"
"Wyoming","White",0.815,"2023"
"Wyoming","Black",0.006,"2023"
"Wyoming","Hispanic",0.107,"2023"
"Wyoming","Asian",0.006,"2023"
"Puerto Rico","White",0.011,"2016"
"Puerto Rico","Black",NA,"2016"
"Puerto Rico","Hispanic",0.987,"2016"
"Puerto Rico","Asian",NA,"2016"
"Puerto Rico","White",0.01,"2017"
"Puerto Rico","Black",NA,"2017"
"Puerto Rico","Hispanic",0.991,"2017"
"Puerto Rico","Asian",NA,"2017"
"Puerto Rico","White",0.01,"2018"
"Puerto Rico","Black",NA,"2018"
"Puerto Rico","Hispanic",0.987,"2018"
"Puerto Rico","Asian",NA,"2018"
"Puerto Rico","White",0.013,"2019"
"Puerto Rico","Black",0.001,"2019"
"Puerto Rico","Hispanic",0.982,"2019"
"Puerto Rico","Asian",0.001,"2019"
"Puerto Rico","White",0.005,"2021"
"Puerto Rico","Black",0.001,"2021"
"Puerto Rico","Hispanic",0.993,"2021"
"Puerto Rico","Asian",0.001,"2021"
"Puerto Rico","White",0.006,"2022"
"Puerto Rico","Black",0.001,"2022"
"Puerto Rico","Hispanic",0.99,"2022"
"Puerto Rico","Asian",0.001,"2022"
"Puerto Rico","White",0.006,"2023"
"Puerto Rico","Black",0.001,"2023"
"Puerto Rico","Hispanic",0.99,"2023"
"Puerto Rico","Asian",0.001,"2023"
