"state","gender","gender_dist","year"
"United States","Male",0.489,"2016"
"United States","Female",0.511,"2016"
"United States","Male",0.489,"2017"
"United States","Female",0.511,"2017"
"United States","Male",0.489,"2018"
"United States","Female",0.511,"2018"
"United States","Male",0.489,"2019"
"United States","Female",0.511,"2019"
"United States","Male",0.492,"2021"
"United States","Female",0.508,"2021"
"United States","Male",0.493,"2022"
"United States","Female",0.507,"2022"
"United States","Male",0.492,"2023"
"United States","Female",0.508,"2023"
"Alabama","Male",0.481,"2016"
"Alabama","Female",0.519,"2016"
"Alabama","Male",0.482,"2017"
"Alabama","Female",0.518,"2017"
"Alabama","Male",0.481,"2018"
"Alabama","Female",0.52,"2018"
"Alabama","Male",0.481,"2019"
"Alabama","Female",0.519,"2019"
"Alabama","Male",0.481,"2021"
"Alabama","Female",0.519,"2021"
"Alabama","Male",0.483,"2022"
"Alabama","Female",0.517,"2022"
"Alabama","Male",0.482,"2023"
"Alabama","Female",0.518,"2023"
"Alaska","Male",0.517,"2016"
"Alaska","Female",0.483,"2016"
"Alaska","Male",0.513,"2017"
"Alaska","Female",0.487,"2017"
"Alaska","Male",0.503,"2018"
"Alaska","Female",0.497,"2018"
"Alaska","Male",0.507,"2019"
"Alaska","Female",0.493,"2019"
"Alaska","Male",0.512,"2021"
"Alaska","Female",0.488,"2021"
"Alaska","Male",0.517,"2022"
"Alaska","Female",0.483,"2022"
"Alaska","Male",0.518,"2023"
"Alaska","Female",0.482,"2023"
"Arizona","Male",0.492,"2016"
"Arizona","Female",0.508,"2016"
"Arizona","Male",0.492,"2017"
"Arizona","Female",0.508,"2017"
"Arizona","Male",0.492,"2018"
"Arizona","Female",0.508,"2018"
"Arizona","Male",0.493,"2019"
"Arizona","Female",0.507,"2019"
"Arizona","Male",0.495,"2021"
"Arizona","Female",0.505,"2021"
"Arizona","Male",0.495,"2022"
"Arizona","Female",0.505,"2022"
"Arizona","Male",0.495,"2023"
"Arizona","Female",0.505,"2023"
"Arkansas","Male",0.488,"2016"
"Arkansas","Female",0.512,"2016"
"Arkansas","Male",0.489,"2017"
"Arkansas","Female",0.511,"2017"
"Arkansas","Male",0.486,"2018"
"Arkansas","Female",0.515,"2018"
"Arkansas","Male",0.484,"2019"
"Arkansas","Female",0.516,"2019"
"Arkansas","Male",0.49,"2021"
"Arkansas","Female",0.51,"2021"
"Arkansas","Male",0.491,"2022"
"Arkansas","Female",0.509,"2022"
"Arkansas","Male",0.49,"2023"
"Arkansas","Female",0.51,"2023"
"California","Male",0.494,"2016"
"California","Female",0.506,"2016"
"California","Male",0.494,"2017"
"California","Female",0.506,"2017"
"California","Male",0.494,"2018"
"California","Female",0.506,"2018"
"California","Male",0.494,"2019"
"California","Female",0.506,"2019"
"California","Male",0.497,"2021"
"California","Female",0.503,"2021"
"California","Male",0.498,"2022"
"California","Female",0.502,"2022"
"California","Male",0.497,"2023"
"California","Female",0.503,"2023"
"Colorado","Male",0.499,"2016"
"Colorado","Female",0.501,"2016"
"Colorado","Male",0.499,"2017"
"Colorado","Female",0.501,"2017"
"Colorado","Male",0.498,"2018"
"Colorado","Female",0.502,"2018"
"Colorado","Male",0.501,"2019"
"Colorado","Female",0.499,"2019"
"Colorado","Male",0.502,"2021"
"Colorado","Female",0.498,"2021"
"Colorado","Male",0.503,"2022"
"Colorado","Female",0.497,"2022"
"Colorado","Male",0.503,"2023"
"Colorado","Female",0.497,"2023"
"Connecticut","Male",0.486,"2016"
"Connecticut","Female",0.514,"2016"
"Connecticut","Male",0.486,"2017"
"Connecticut","Female",0.514,"2017"
"Connecticut","Male",0.485,"2018"
"Connecticut","Female",0.515,"2018"
"Connecticut","Male",0.487,"2019"
"Connecticut","Female",0.513,"2019"
"Connecticut","Male",0.489,"2021"
"Connecticut","Female",0.511,"2021"
"Connecticut","Male",0.489,"2022"
"Connecticut","Female",0.511,"2022"
"Connecticut","Male",0.491,"2023"
"Connecticut","Female",0.509,"2023"
"Delaware","Male",0.48,"2016"
"Delaware","Female",0.52,"2016"
"Delaware","Male",0.481,"2017"
"Delaware","Female",0.519,"2017"
"Delaware","Male",0.479,"2018"
"Delaware","Female",0.521,"2018"
"Delaware","Male",0.482,"2019"
"Delaware","Female",0.518,"2019"
"Delaware","Male",0.481,"2021"
"Delaware","Female",0.519,"2021"
"Delaware","Male",0.482,"2022"
"Delaware","Female",0.518,"2022"
"Delaware","Male",0.486,"2023"
"Delaware","Female",0.514,"2023"
"District of Columbia","Male",0.471,"2016"
"District of Columbia","Female",0.529,"2016"
"District of Columbia","Male",0.471,"2017"
"District of Columbia","Female",0.53,"2017"
"District of Columbia","Male",0.472,"2018"
"District of Columbia","Female",0.529,"2018"
"District of Columbia","Male",0.475,"2019"
"District of Columbia","Female",0.525,"2019"
"District of Columbia","Male",0.475,"2021"
"District of Columbia","Female",0.525,"2021"
"District of Columbia","Male",0.472,"2022"
"District of Columbia","Female",0.528,"2022"
"District of Columbia","Male",0.473,"2023"
"District of Columbia","Female",0.527,"2023"
"Florida","Male",0.485,"2016"
"Florida","Female",0.515,"2016"
"Florida","Male",0.485,"2017"
"Florida","Female",0.515,"2017"
"Florida","Male",0.484,"2018"
"Florida","Female",0.516,"2018"
"Florida","Male",0.485,"2019"
"Florida","Female",0.515,"2019"
"Florida","Male",0.488,"2021"
"Florida","Female",0.512,"2021"
"Florida","Male",0.489,"2022"
"Florida","Female",0.511,"2022"
"Florida","Male",0.488,"2023"
"Florida","Female",0.512,"2023"
"Georgia","Male",0.481,"2016"
"Georgia","Female",0.519,"2016"
"Georgia","Male",0.481,"2017"
"Georgia","Female",0.519,"2017"
"Georgia","Male",0.481,"2018"
"Georgia","Female",0.519,"2018"
"Georgia","Male",0.482,"2019"
"Georgia","Female",0.518,"2019"
"Georgia","Male",0.483,"2021"
"Georgia","Female",0.517,"2021"
"Georgia","Male",0.482,"2022"
"Georgia","Female",0.518,"2022"
"Georgia","Male",0.483,"2023"
"Georgia","Female",0.517,"2023"
"Hawaii","Male",0.492,"2016"
"Hawaii","Female",0.508,"2016"
"Hawaii","Male",0.488,"2017"
"Hawaii","Female",0.512,"2017"
"Hawaii","Male",0.49,"2018"
"Hawaii","Female",0.51,"2018"
"Hawaii","Male",0.488,"2019"
"Hawaii","Female",0.512,"2019"
"Hawaii","Male",0.491,"2021"
"Hawaii","Female",0.509,"2021"
"Hawaii","Male",0.488,"2022"
"Hawaii","Female",0.512,"2022"
"Hawaii","Male",0.489,"2023"
"Hawaii","Female",0.511,"2023"
"Idaho","Male",0.496,"2016"
"Idaho","Female",0.504,"2016"
"Idaho","Male",0.501,"2017"
"Idaho","Female",0.499,"2017"
"Idaho","Male",0.499,"2018"
"Idaho","Female",0.501,"2018"
"Idaho","Male",0.499,"2019"
"Idaho","Female",0.501,"2019"
"Idaho","Male",0.499,"2021"
"Idaho","Female",0.501,"2021"
"Idaho","Male",0.502,"2022"
"Idaho","Female",0.498,"2022"
"Idaho","Male",0.504,"2023"
"Idaho","Female",0.496,"2023"
"Illinois","Male",0.488,"2016"
"Illinois","Female",0.512,"2016"
"Illinois","Male",0.489,"2017"
"Illinois","Female",0.511,"2017"
"Illinois","Male",0.49,"2018"
"Illinois","Female",0.51,"2018"
"Illinois","Male",0.487,"2019"
"Illinois","Female",0.513,"2019"
"Illinois","Male",0.492,"2021"
"Illinois","Female",0.508,"2021"
"Illinois","Male",0.493,"2022"
"Illinois","Female",0.507,"2022"
"Illinois","Male",0.492,"2023"
"Illinois","Female",0.508,"2023"
"Indiana","Male",0.49,"2016"
"Indiana","Female",0.51,"2016"
"Indiana","Male",0.49,"2017"
"Indiana","Female",0.51,"2017"
"Indiana","Male",0.489,"2018"
"Indiana","Female",0.511,"2018"
"Indiana","Male",0.49,"2019"
"Indiana","Female",0.51,"2019"
"Indiana","Male",0.493,"2021"
"Indiana","Female",0.507,"2021"
"Indiana","Male",0.495,"2022"
"Indiana","Female",0.505,"2022"
"Indiana","Male",0.495,"2023"
"Indiana","Female",0.505,"2023"
"Iowa","Male",0.495,"2016"
"Iowa","Female",0.505,"2016"
"Iowa","Male",0.493,"2017"
"Iowa","Female",0.507,"2017"
"Iowa","Male",0.496,"2018"
"Iowa","Female",0.504,"2018"
"Iowa","Male",0.495,"2019"
"Iowa","Female",0.505,"2019"
"Iowa","Male",0.499,"2021"
"Iowa","Female",0.501,"2021"
"Iowa","Male",0.501,"2022"
"Iowa","Female",0.499,"2022"
"Iowa","Male",0.499,"2023"
"Iowa","Female",0.501,"2023"
"Kansas","Male",0.494,"2016"
"Kansas","Female",0.506,"2016"
"Kansas","Male",0.495,"2017"
"Kansas","Female",0.505,"2017"
"Kansas","Male",0.495,"2018"
"Kansas","Female",0.505,"2018"
"Kansas","Male",0.49,"2019"
"Kansas","Female",0.51,"2019"
"Kansas","Male",0.498,"2021"
"Kansas","Female",0.502,"2021"
"Kansas","Male",0.495,"2022"
"Kansas","Female",0.505,"2022"
"Kansas","Male",0.498,"2023"
"Kansas","Female",0.502,"2023"
"Kentucky","Male",0.488,"2016"
"Kentucky","Female",0.512,"2016"
"Kentucky","Male",0.491,"2017"
"Kentucky","Female",0.509,"2017"
"Kentucky","Male",0.487,"2018"
"Kentucky","Female",0.513,"2018"
"Kentucky","Male",0.49,"2019"
"Kentucky","Female",0.51,"2019"
"Kentucky","Male",0.491,"2021"
"Kentucky","Female",0.509,"2021"
"Kentucky","Male",0.491,"2022"
"Kentucky","Female",0.509,"2022"
"Kentucky","Male",0.491,"2023"
"Kentucky","Female",0.509,"2023"
"Louisiana","Male",0.483,"2016"
"Louisiana","Female",0.517,"2016"
"Louisiana","Male",0.482,"2017"
"Louisiana","Female",0.518,"2017"
"Louisiana","Male",0.482,"2018"
"Louisiana","Female",0.518,"2018"
"Louisiana","Male",0.481,"2019"
"Louisiana","Female",0.519,"2019"
"Louisiana","Male",0.482,"2021"
"Louisiana","Female",0.518,"2021"
"Louisiana","Male",0.485,"2022"
"Louisiana","Female",0.515,"2022"
"Louisiana","Male",0.483,"2023"
"Louisiana","Female",0.517,"2023"
"Maine","Male",0.486,"2016"
"Maine","Female",0.514,"2016"
"Maine","Male",0.489,"2017"
"Maine","Female",0.511,"2017"
"Maine","Male",0.485,"2018"
"Maine","Female",0.515,"2018"
"Maine","Male",0.484,"2019"
"Maine","Female",0.516,"2019"
"Maine","Male",0.491,"2021"
"Maine","Female",0.509,"2021"
"Maine","Male",0.494,"2022"
"Maine","Female",0.506,"2022"
"Maine","Male",0.491,"2023"
"Maine","Female",0.509,"2023"
"Maryland","Male",0.48,"2016"
"Maryland","Female",0.52,"2016"
"Maryland","Male",0.482,"2017"
"Maryland","Female",0.518,"2017"
"Maryland","Male",0.481,"2018"
"Maryland","Female",0.519,"2018"
"Maryland","Male",0.48,"2019"
"Maryland","Female",0.52,"2019"
"Maryland","Male",0.482,"2021"
"Maryland","Female",0.518,"2021"
"Maryland","Male",0.484,"2022"
"Maryland","Female",0.516,"2022"
"Maryland","Male",0.482,"2023"
"Maryland","Female",0.518,"2023"
"Massachusetts","Male",0.486,"2016"
"Massachusetts","Female",0.515,"2016"
"Massachusetts","Male",0.486,"2017"
"Massachusetts","Female",0.515,"2017"
"Massachusetts","Male",0.486,"2018"
"Massachusetts","Female",0.514,"2018"
"Massachusetts","Male",0.486,"2019"
"Massachusetts","Female",0.514,"2019"
"Massachusetts","Male",0.489,"2021"
"Massachusetts","Female",0.511,"2021"
"Massachusetts","Male",0.49,"2022"
"Massachusetts","Female",0.51,"2022"
"Massachusetts","Male",0.49,"2023"
"Massachusetts","Female",0.51,"2023"
"Michigan","Male",0.489,"2016"
"Michigan","Female",0.511,"2016"
"Michigan","Male",0.49,"2017"
"Michigan","Female",0.51,"2017"
"Michigan","Male",0.49,"2018"
"Michigan","Female",0.51,"2018"
"Michigan","Male",0.49,"2019"
"Michigan","Female",0.51,"2019"
"Michigan","Male",0.493,"2021"
"Michigan","Female",0.507,"2021"
"Michigan","Male",0.494,"2022"
"Michigan","Female",0.506,"2022"
"Michigan","Male",0.494,"2023"
"Michigan","Female",0.506,"2023"
"Minnesota","Male",0.496,"2016"
"Minnesota","Female",0.504,"2016"
"Minnesota","Male",0.496,"2017"
"Minnesota","Female",0.504,"2017"
"Minnesota","Male",0.499,"2018"
"Minnesota","Female",0.501,"2018"
"Minnesota","Male",0.496,"2019"
"Minnesota","Female",0.504,"2019"
"Minnesota","Male",0.499,"2021"
"Minnesota","Female",0.501,"2021"
"Minnesota","Male",0.502,"2022"
"Minnesota","Female",0.498,"2022"
"Minnesota","Male",0.502,"2023"
"Minnesota","Female",0.498,"2023"
"Mississippi","Male",0.476,"2016"
"Mississippi","Female",0.524,"2016"
"Mississippi","Male",0.48,"2017"
"Mississippi","Female",0.52,"2017"
"Mississippi","Male",0.478,"2018"
"Mississippi","Female",0.522,"2018"
"Mississippi","Male",0.475,"2019"
"Mississippi","Female",0.525,"2019"
"Mississippi","Male",0.481,"2021"
"Mississippi","Female",0.519,"2021"
"Mississippi","Male",0.479,"2022"
"Mississippi","Female",0.521,"2022"
"Mississippi","Male",0.48,"2023"
"Mississippi","Female",0.52,"2023"
"Missouri","Male",0.49,"2016"
"Missouri","Female",0.51,"2016"
"Missouri","Male",0.488,"2017"
"Missouri","Female",0.512,"2017"
"Missouri","Male",0.487,"2018"
"Missouri","Female",0.513,"2018"
"Missouri","Male",0.487,"2019"
"Missouri","Female",0.513,"2019"
"Missouri","Male",0.489,"2021"
"Missouri","Female",0.511,"2021"
"Missouri","Male",0.491,"2022"
"Missouri","Female",0.509,"2022"
"Missouri","Male",0.491,"2023"
"Missouri","Female",0.509,"2023"
"Montana","Male",0.502,"2016"
"Montana","Female",0.498,"2016"
"Montana","Male",0.496,"2017"
"Montana","Female",0.504,"2017"
"Montana","Male",0.505,"2018"
"Montana","Female",0.495,"2018"
"Montana","Male",0.499,"2019"
"Montana","Female",0.501,"2019"
"Montana","Male",0.507,"2021"
"Montana","Female",0.493,"2021"
"Montana","Male",0.504,"2022"
"Montana","Female",0.496,"2022"
"Montana","Male",0.5,"2023"
"Montana","Female",0.5,"2023"
"Nebraska","Male",0.496,"2016"
"Nebraska","Female",0.504,"2016"
"Nebraska","Male",0.498,"2017"
"Nebraska","Female",0.502,"2017"
"Nebraska","Male",0.496,"2018"
"Nebraska","Female",0.504,"2018"
"Nebraska","Male",0.497,"2019"
"Nebraska","Female",0.503,"2019"
"Nebraska","Male",0.498,"2021"
"Nebraska","Female",0.502,"2021"
"Nebraska","Male",0.498,"2022"
"Nebraska","Female",0.502,"2022"
"Nebraska","Male",0.504,"2023"
"Nebraska","Female",0.496,"2023"
"Nevada","Male",0.498,"2016"
"Nevada","Female",0.502,"2016"
"Nevada","Male",0.497,"2017"
"Nevada","Female",0.503,"2017"
"Nevada","Male",0.498,"2018"
"Nevada","Female",0.502,"2018"
"Nevada","Male",0.497,"2019"
"Nevada","Female",0.503,"2019"
"Nevada","Male",0.501,"2021"
"Nevada","Female",0.499,"2021"
"Nevada","Male",0.5,"2022"
"Nevada","Female",0.5,"2022"
"Nevada","Male",0.5,"2023"
"Nevada","Female",0.5,"2023"
"New Hampshire","Male",0.499,"2016"
"New Hampshire","Female",0.501,"2016"
"New Hampshire","Male",0.496,"2017"
"New Hampshire","Female",0.504,"2017"
"New Hampshire","Male",0.494,"2018"
"New Hampshire","Female",0.506,"2018"
"New Hampshire","Male",0.494,"2019"
"New Hampshire","Female",0.506,"2019"
"New Hampshire","Male",0.5,"2021"
"New Hampshire","Female",0.5,"2021"
"New Hampshire","Male",0.498,"2022"
"New Hampshire","Female",0.502,"2022"
"New Hampshire","Male",0.498,"2023"
"New Hampshire","Female",0.502,"2023"
"New Jersey","Male",0.486,"2016"
"New Jersey","Female",0.514,"2016"
"New Jersey","Male",0.486,"2017"
"New Jersey","Female",0.514,"2017"
"New Jersey","Male",0.486,"2018"
"New Jersey","Female",0.515,"2018"
"New Jersey","Male",0.487,"2019"
"New Jersey","Female",0.513,"2019"
"New Jersey","Male",0.49,"2021"
"New Jersey","Female",0.51,"2021"
"New Jersey","Male",0.491,"2022"
"New Jersey","Female",0.509,"2022"
"New Jersey","Male",0.491,"2023"
"New Jersey","Female",0.509,"2023"
"New Mexico","Male",0.489,"2016"
"New Mexico","Female",0.511,"2016"
"New Mexico","Male",0.493,"2017"
"New Mexico","Female",0.507,"2017"
"New Mexico","Male",0.491,"2018"
"New Mexico","Female",0.509,"2018"
"New Mexico","Male",0.488,"2019"
"New Mexico","Female",0.512,"2019"
"New Mexico","Male",0.49,"2021"
"New Mexico","Female",0.51,"2021"
"New Mexico","Male",0.491,"2022"
"New Mexico","Female",0.509,"2022"
"New Mexico","Male",0.493,"2023"
"New Mexico","Female",0.507,"2023"
"New York","Male",0.484,"2016"
"New York","Female",0.516,"2016"
"New York","Male",0.484,"2017"
"New York","Female",0.516,"2017"
"New York","Male",0.484,"2018"
"New York","Female",0.517,"2018"
"New York","Male",0.484,"2019"
"New York","Female",0.516,"2019"
"New York","Male",0.487,"2021"
"New York","Female",0.513,"2021"
"New York","Male",0.488,"2022"
"New York","Female",0.512,"2022"
"New York","Male",0.487,"2023"
"New York","Female",0.513,"2023"
"North Carolina","Male",0.481,"2016"
"North Carolina","Female",0.519,"2016"
"North Carolina","Male",0.482,"2017"
"North Carolina","Female",0.519,"2017"
"North Carolina","Male",0.481,"2018"
"North Carolina","Female",0.52,"2018"
"North Carolina","Male",0.48,"2019"
"North Carolina","Female",0.52,"2019"
"North Carolina","Male",0.483,"2021"
"North Carolina","Female",0.517,"2021"
"North Carolina","Male",0.483,"2022"
"North Carolina","Female",0.517,"2022"
"North Carolina","Male",0.485,"2023"
"North Carolina","Female",0.515,"2023"
"North Dakota","Male",0.512,"2016"
"North Dakota","Female",0.488,"2016"
"North Dakota","Male",0.51,"2017"
"North Dakota","Female",0.49,"2017"
"North Dakota","Male",0.509,"2018"
"North Dakota","Female",0.491,"2018"
"North Dakota","Male",0.505,"2019"
"North Dakota","Female",0.495,"2019"
"North Dakota","Male",0.513,"2021"
"North Dakota","Female",0.487,"2021"
"North Dakota","Male",0.509,"2022"
"North Dakota","Female",0.491,"2022"
"North Dakota","Male",0.505,"2023"
"North Dakota","Female",0.495,"2023"
"Ohio","Male",0.489,"2016"
"Ohio","Female",0.511,"2016"
"Ohio","Male",0.487,"2017"
"Ohio","Female",0.513,"2017"
"Ohio","Male",0.489,"2018"
"Ohio","Female",0.511,"2018"
"Ohio","Male",0.489,"2019"
"Ohio","Female",0.511,"2019"
"Ohio","Male",0.49,"2021"
"Ohio","Female",0.51,"2021"
"Ohio","Male",0.492,"2022"
"Ohio","Female",0.508,"2022"
"Ohio","Male",0.492,"2023"
"Ohio","Female",0.508,"2023"
"Oklahoma","Male",0.491,"2016"
"Oklahoma","Female",0.509,"2016"
"Oklahoma","Male",0.489,"2017"
"Oklahoma","Female",0.511,"2017"
"Oklahoma","Male",0.49,"2018"
"Oklahoma","Female",0.51,"2018"
"Oklahoma","Male",0.49,"2019"
"Oklahoma","Female",0.51,"2019"
"Oklahoma","Male",0.495,"2021"
"Oklahoma","Female",0.505,"2021"
"Oklahoma","Male",0.492,"2022"
"Oklahoma","Female",0.508,"2022"
"Oklahoma","Male",0.494,"2023"
"Oklahoma","Female",0.506,"2023"
"Oregon","Male",0.495,"2016"
"Oregon","Female",0.505,"2016"
"Oregon","Male",0.494,"2017"
"Oregon","Female",0.506,"2017"
"Oregon","Male",0.494,"2018"
"Oregon","Female",0.506,"2018"
"Oregon","Male",0.492,"2019"
"Oregon","Female",0.508,"2019"
"Oregon","Male",0.497,"2021"
"Oregon","Female",0.503,"2021"
"Oregon","Male",0.499,"2022"
"Oregon","Female",0.501,"2022"
"Oregon","Male",0.495,"2023"
"Oregon","Female",0.505,"2023"
"Pennsylvania","Male",0.488,"2016"
"Pennsylvania","Female",0.512,"2016"
"Pennsylvania","Male",0.488,"2017"
"Pennsylvania","Female",0.512,"2017"
"Pennsylvania","Male",0.487,"2018"
"Pennsylvania","Female",0.513,"2018"
"Pennsylvania","Male",0.487,"2019"
"Pennsylvania","Female",0.513,"2019"
"Pennsylvania","Male",0.492,"2021"
"Pennsylvania","Female",0.508,"2021"
"Pennsylvania","Male",0.492,"2022"
"Pennsylvania","Female",0.508,"2022"
"Pennsylvania","Male",0.491,"2023"
"Pennsylvania","Female",0.509,"2023"
"Rhode Island","Male",0.484,"2016"
"Rhode Island","Female",0.516,"2016"
"Rhode Island","Male",0.485,"2017"
"Rhode Island","Female",0.515,"2017"
"Rhode Island","Male",0.486,"2018"
"Rhode Island","Female",0.514,"2018"
"Rhode Island","Male",0.489,"2019"
"Rhode Island","Female",0.511,"2019"
"Rhode Island","Male",0.489,"2021"
"Rhode Island","Female",0.511,"2021"
"Rhode Island","Male",0.488,"2022"
"Rhode Island","Female",0.512,"2022"
"Rhode Island","Male",0.488,"2023"
"Rhode Island","Female",0.512,"2023"
"South Carolina","Male",0.48,"2016"
"South Carolina","Female",0.52,"2016"
"South Carolina","Male",0.48,"2017"
"South Carolina","Female",0.52,"2017"
"South Carolina","Male",0.48,"2018"
"South Carolina","Female",0.52,"2018"
"South Carolina","Male",0.477,"2019"
"South Carolina","Female",0.523,"2019"
"South Carolina","Male",0.482,"2021"
"South Carolina","Female",0.518,"2021"
"South Carolina","Male",0.482,"2022"
"South Carolina","Female",0.518,"2022"
"South Carolina","Male",0.48,"2023"
"South Carolina","Female",0.52,"2023"
"South Dakota","Male",0.502,"2016"
"South Dakota","Female",0.498,"2016"
"South Dakota","Male",0.502,"2017"
"South Dakota","Female",0.498,"2017"
"South Dakota","Male",0.501,"2018"
"South Dakota","Female",0.499,"2018"
"South Dakota","Male",0.504,"2019"
"South Dakota","Female",0.496,"2019"
"South Dakota","Male",0.507,"2021"
"South Dakota","Female",0.493,"2021"
"South Dakota","Male",0.504,"2022"
"South Dakota","Female",0.496,"2022"
"South Dakota","Male",0.508,"2023"
"South Dakota","Female",0.492,"2023"
"Tennessee","Male",0.484,"2016"
"Tennessee","Female",0.516,"2016"
"Tennessee","Male",0.484,"2017"
"Tennessee","Female",0.516,"2017"
"Tennessee","Male",0.485,"2018"
"Tennessee","Female",0.515,"2018"
"Tennessee","Male",0.484,"2019"
"Tennessee","Female",0.516,"2019"
"Tennessee","Male",0.487,"2021"
"Tennessee","Female",0.513,"2021"
"Tennessee","Male",0.488,"2022"
"Tennessee","Female",0.512,"2022"
"Tennessee","Male",0.488,"2023"
"Tennessee","Female",0.512,"2023"
"Texas","Male",0.492,"2016"
"Texas","Female",0.508,"2016"
"Texas","Male",0.492,"2017"
"Texas","Female",0.508,"2017"
"Texas","Male",0.492,"2018"
"Texas","Female",0.508,"2018"
"Texas","Male",0.491,"2019"
"Texas","Female",0.509,"2019"
"Texas","Male",0.495,"2021"
"Texas","Female",0.505,"2021"
"Texas","Male",0.496,"2022"
"Texas","Female",0.504,"2022"
"Texas","Male",0.494,"2023"
"Texas","Female",0.506,"2023"
"Utah","Male",0.502,"2016"
"Utah","Female",0.498,"2016"
"Utah","Male",0.502,"2017"
"Utah","Female",0.498,"2017"
"Utah","Male",0.503,"2018"
"Utah","Female",0.497,"2018"
"Utah","Male",0.5,"2019"
"Utah","Female",0.5,"2019"
"Utah","Male",0.505,"2021"
"Utah","Female",0.495,"2021"
"Utah","Male",0.506,"2022"
"Utah","Female",0.494,"2022"
"Utah","Male",0.505,"2023"
"Utah","Female",0.495,"2023"
"Vermont","Male",0.492,"2016"
"Vermont","Female",0.508,"2016"
"Vermont","Male",0.493,"2017"
"Vermont","Female",0.507,"2017"
"Vermont","Male",0.494,"2018"
"Vermont","Female",0.506,"2018"
"Vermont","Male",0.494,"2019"
"Vermont","Female",0.506,"2019"
"Vermont","Male",0.496,"2021"
"Vermont","Female",0.504,"2021"
"Vermont","Male",0.499,"2022"
"Vermont","Female",0.501,"2022"
"Vermont","Male",0.498,"2023"
"Vermont","Female",0.502,"2023"
"Virginia","Male",0.485,"2016"
"Virginia","Female",0.515,"2016"
"Virginia","Male",0.484,"2017"
"Virginia","Female",0.516,"2017"
"Virginia","Male",0.485,"2018"
"Virginia","Female",0.515,"2018"
"Virginia","Male",0.484,"2019"
"Virginia","Female",0.516,"2019"
"Virginia","Male",0.488,"2021"
"Virginia","Female",0.512,"2021"
"Virginia","Male",0.489,"2022"
"Virginia","Female",0.511,"2022"
"Virginia","Male",0.486,"2023"
"Virginia","Female",0.514,"2023"
"Washington","Male",0.495,"2016"
"Washington","Female",0.505,"2016"
"Washington","Male",0.496,"2017"
"Washington","Female",0.504,"2017"
"Washington","Male",0.497,"2018"
"Washington","Female",0.503,"2018"
"Washington","Male",0.497,"2019"
"Washington","Female",0.503,"2019"
"Washington","Male",0.499,"2021"
"Washington","Female",0.501,"2021"
"Washington","Male",0.502,"2022"
"Washington","Female",0.498,"2022"
"Washington","Male",0.5,"2023"
"Washington","Female",0.5,"2023"
"West Virginia","Male",0.492,"2016"
"West Virginia","Female",0.508,"2016"
"West Virginia","Male",0.49,"2017"
"West Virginia","Female",0.51,"2017"
"West Virginia","Male",0.493,"2018"
"West Virginia","Female",0.507,"2018"
"West Virginia","Male",0.491,"2019"
"West Virginia","Female",0.509,"2019"
"West Virginia","Male",0.494,"2021"
"West Virginia","Female",0.506,"2021"
"West Virginia","Male",0.492,"2022"
"West Virginia","Female",0.508,"2022"
"West Virginia","Male",0.495,"2023"
"West Virginia","Female",0.505,"2023"
"Wisconsin","Male",0.494,"2016"
"Wisconsin","Female",0.506,"2016"
"Wisconsin","Male",0.495,"2017"
"Wisconsin","Female",0.505,"2017"
"Wisconsin","Male",0.495,"2018"
"Wisconsin","Female",0.505,"2018"
"Wisconsin","Male",0.493,"2019"
"Wisconsin","Female",0.507,"2019"
"Wisconsin","Male",0.499,"2021"
"Wisconsin","Female",0.501,"2021"
"Wisconsin","Male",0.501,"2022"
"Wisconsin","Female",0.499,"2022"
"Wisconsin","Male",0.498,"2023"
"Wisconsin","Female",0.502,"2023"
"Wyoming","Male",0.505,"2016"
"Wyoming","Female",0.495,"2016"
"Wyoming","Male",0.509,"2017"
"Wyoming","Female",0.491,"2017"
"Wyoming","Male",0.504,"2018"
"Wyoming","Female",0.496,"2018"
"Wyoming","Male",0.509,"2019"
"Wyoming","Female",0.491,"2019"
"Wyoming","Male",0.51,"2021"
"Wyoming","Female",0.49,"2021"
"Wyoming","Male",0.512,"2022"
"Wyoming","Female",0.488,"2022"
"Wyoming","Male",0.501,"2023"
"Wyoming","Female",0.499,"2023"
"Puerto Rico","Male",0.475,"2016"
"Puerto Rico","Female",0.525,"2016"
"Puerto Rico","Male",0.475,"2017"
"Puerto Rico","Female",0.525,"2017"
"Puerto Rico","Male",0.474,"2018"
"Puerto Rico","Female",0.526,"2018"
"Puerto Rico","Male",0.473,"2019"
"Puerto Rico","Female",0.527,"2019"
"Puerto Rico","Male",0.471,"2021"
"Puerto Rico","Female",0.529,"2021"
"Puerto Rico","Male",0.472,"2022"
"Puerto Rico","Female",0.528,"2022"
"Puerto Rico","Male",0.472,"2023"
"Puerto Rico","Female",0.528,"2023"
"Notes","Male",NA,"2016"
"Notes","Female",NA,"2016"
"Notes","Male",NA,"2017"
"Notes","Female",NA,"2017"
"Notes","Male",NA,"2018"
"Notes","Female",NA,"2018"
"Notes","Male",NA,"2019"
"Notes","Female",NA,"2019"
"Notes","Male",NA,"2021"
"Notes","Female",NA,"2021"
"Notes","Male",NA,"2022"
"Notes","Female",NA,"2022"
"Notes","Male",NA,"2023"
"Notes","Female",NA,"2023"
"The American Community Survey did not release the 1-year estimates for 2020 due to significant disruptions to data collection brought on by the coronavirus pandemic. ","Male",NA,"2016"
"The American Community Survey did not release the 1-year estimates for 2020 due to significant disruptions to data collection brought on by the coronavirus pandemic. ","Female",NA,"2016"
"The American Community Survey did not release the 1-year estimates for 2020 due to significant disruptions to data collection brought on by the coronavirus pandemic. ","Male",NA,"2017"
"The American Community Survey did not release the 1-year estimates for 2020 due to significant disruptions to data collection brought on by the coronavirus pandemic. ","Female",NA,"2017"
"The American Community Survey did not release the 1-year estimates for 2020 due to significant disruptions to data collection brought on by the coronavirus pandemic. ","Male",NA,"2018"
"The American Community Survey did not release the 1-year estimates for 2020 due to significant disruptions to data collection brought on by the coronavirus pandemic. ","Female",NA,"2018"
"The American Community Survey did not release the 1-year estimates for 2020 due to significant disruptions to data collection brought on by the coronavirus pandemic. ","Male",NA,"2019"
"The American Community Survey did not release the 1-year estimates for 2020 due to significant disruptions to data collection brought on by the coronavirus pandemic. ","Female",NA,"2019"
"The American Community Survey did not release the 1-year estimates for 2020 due to significant disruptions to data collection brought on by the coronavirus pandemic. ","Male",NA,"2021"
"The American Community Survey did not release the 1-year estimates for 2020 due to significant disruptions to data collection brought on by the coronavirus pandemic. ","Female",NA,"2021"
"The American Community Survey did not release the 1-year estimates for 2020 due to significant disruptions to data collection brought on by the coronavirus pandemic. ","Male",NA,"2022"
"The American Community Survey did not release the 1-year estimates for 2020 due to significant disruptions to data collection brought on by the coronavirus pandemic. ","Female",NA,"2022"
"The American Community Survey did not release the 1-year estimates for 2020 due to significant disruptions to data collection brought on by the coronavirus pandemic. ","Male",NA,"2023"
"The American Community Survey did not release the 1-year estimates for 2020 due to significant disruptions to data collection brought on by the coronavirus pandemic. ","Female",NA,"2023"
" ","Male",NA,"2016"
" ","Female",NA,"2016"
" ","Male",NA,"2017"
" ","Female",NA,"2017"
" ","Male",NA,"2018"
" ","Female",NA,"2018"
" ","Male",NA,"2019"
" ","Female",NA,"2019"
" ","Male",NA,"2021"
" ","Female",NA,"2021"
" ","Male",NA,"2022"
" ","Female",NA,"2022"
" ","Male",NA,"2023"
" ","Female",NA,"2023"
"Population and demographic data are based on analysis of the Census Bureau’s American Community Survey (ACS) and may differ from other population estimates published yearly by the Census Bureau. U.S. and state population data displayed on this site are restricted to the civilian, non-institutionalized population for whom ACS collects and reports poverty information. ","Male",NA,"2016"
"Population and demographic data are based on analysis of the Census Bureau’s American Community Survey (ACS) and may differ from other population estimates published yearly by the Census Bureau. U.S. and state population data displayed on this site are restricted to the civilian, non-institutionalized population for whom ACS collects and reports poverty information. ","Female",NA,"2016"
"Population and demographic data are based on analysis of the Census Bureau’s American Community Survey (ACS) and may differ from other population estimates published yearly by the Census Bureau. U.S. and state population data displayed on this site are restricted to the civilian, non-institutionalized population for whom ACS collects and reports poverty information. ","Male",NA,"2017"
"Population and demographic data are based on analysis of the Census Bureau’s American Community Survey (ACS) and may differ from other population estimates published yearly by the Census Bureau. U.S. and state population data displayed on this site are restricted to the civilian, non-institutionalized population for whom ACS collects and reports poverty information. ","Female",NA,"2017"
"Population and demographic data are based on analysis of the Census Bureau’s American Community Survey (ACS) and may differ from other population estimates published yearly by the Census Bureau. U.S. and state population data displayed on this site are restricted to the civilian, non-institutionalized population for whom ACS collects and reports poverty information. ","Male",NA,"2018"
"Population and demographic data are based on analysis of the Census Bureau’s American Community Survey (ACS) and may differ from other population estimates published yearly by the Census Bureau. U.S. and state population data displayed on this site are restricted to the civilian, non-institutionalized population for whom ACS collects and reports poverty information. ","Female",NA,"2018"
"Population and demographic data are based on analysis of the Census Bureau’s American Community Survey (ACS) and may differ from other population estimates published yearly by the Census Bureau. U.S. and state population data displayed on this site are restricted to the civilian, non-institutionalized population for whom ACS collects and reports poverty information. ","Male",NA,"2019"
"Population and demographic data are based on analysis of the Census Bureau’s American Community Survey (ACS) and may differ from other population estimates published yearly by the Census Bureau. U.S. and state population data displayed on this site are restricted to the civilian, non-institutionalized population for whom ACS collects and reports poverty information. ","Female",NA,"2019"
"Population and demographic data are based on analysis of the Census Bureau’s American Community Survey (ACS) and may differ from other population estimates published yearly by the Census Bureau. U.S. and state population data displayed on this site are restricted to the civilian, non-institutionalized population for whom ACS collects and reports poverty information. ","Male",NA,"2021"
"Population and demographic data are based on analysis of the Census Bureau’s American Community Survey (ACS) and may differ from other population estimates published yearly by the Census Bureau. U.S. and state population data displayed on this site are restricted to the civilian, non-institutionalized population for whom ACS collects and reports poverty information. ","Female",NA,"2021"
"Population and demographic data are based on analysis of the Census Bureau’s American Community Survey (ACS) and may differ from other population estimates published yearly by the Census Bureau. U.S. and state population data displayed on this site are restricted to the civilian, non-institutionalized population for whom ACS collects and reports poverty information. ","Male",NA,"2022"
"Population and demographic data are based on analysis of the Census Bureau’s American Community Survey (ACS) and may differ from other population estimates published yearly by the Census Bureau. U.S. and state population data displayed on this site are restricted to the civilian, non-institutionalized population for whom ACS collects and reports poverty information. ","Female",NA,"2022"
"Population and demographic data are based on analysis of the Census Bureau’s American Community Survey (ACS) and may differ from other population estimates published yearly by the Census Bureau. U.S. and state population data displayed on this site are restricted to the civilian, non-institutionalized population for whom ACS collects and reports poverty information. ","Male",NA,"2023"
"Population and demographic data are based on analysis of the Census Bureau’s American Community Survey (ACS) and may differ from other population estimates published yearly by the Census Bureau. U.S. and state population data displayed on this site are restricted to the civilian, non-institutionalized population for whom ACS collects and reports poverty information. ","Female",NA,"2023"
"   ","Male",NA,"2016"
"   ","Female",NA,"2016"
"   ","Male",NA,"2017"
"   ","Female",NA,"2017"
"   ","Male",NA,"2018"
"   ","Female",NA,"2018"
"   ","Male",NA,"2019"
"   ","Female",NA,"2019"
"   ","Male",NA,"2021"
"   ","Female",NA,"2021"
"   ","Male",NA,"2022"
"   ","Female",NA,"2022"
"   ","Male",NA,"2023"
"   ","Female",NA,"2023"
"Population numbers are rounded to the nearest 100.","Male",NA,"2016"
"Population numbers are rounded to the nearest 100.","Female",NA,"2016"
"Population numbers are rounded to the nearest 100.","Male",NA,"2017"
"Population numbers are rounded to the nearest 100.","Female",NA,"2017"
"Population numbers are rounded to the nearest 100.","Male",NA,"2018"
"Population numbers are rounded to the nearest 100.","Female",NA,"2018"
"Population numbers are rounded to the nearest 100.","Male",NA,"2019"
"Population numbers are rounded to the nearest 100.","Female",NA,"2019"
"Population numbers are rounded to the nearest 100.","Male",NA,"2021"
"Population numbers are rounded to the nearest 100.","Female",NA,"2021"
"Population numbers are rounded to the nearest 100.","Male",NA,"2022"
"Population numbers are rounded to the nearest 100.","Female",NA,"2022"
"Population numbers are rounded to the nearest 100.","Male",NA,"2023"
"Population numbers are rounded to the nearest 100.","Female",NA,"2023"
"Data include the civilian noninstitutionalized population in the United States.","Male",NA,"2016"
"Data include the civilian noninstitutionalized population in the United States.","Female",NA,"2016"
"Data include the civilian noninstitutionalized population in the United States.","Male",NA,"2017"
"Data include the civilian noninstitutionalized population in the United States.","Female",NA,"2017"
"Data include the civilian noninstitutionalized population in the United States.","Male",NA,"2018"
"Data include the civilian noninstitutionalized population in the United States.","Female",NA,"2018"
"Data include the civilian noninstitutionalized population in the United States.","Male",NA,"2019"
"Data include the civilian noninstitutionalized population in the United States.","Female",NA,"2019"
"Data include the civilian noninstitutionalized population in the United States.","Male",NA,"2021"
"Data include the civilian noninstitutionalized population in the United States.","Female",NA,"2021"
"Data include the civilian noninstitutionalized population in the United States.","Male",NA,"2022"
"Data include the civilian noninstitutionalized population in the United States.","Female",NA,"2022"
"Data include the civilian noninstitutionalized population in the United States.","Male",NA,"2023"
"Data include the civilian noninstitutionalized population in the United States.","Female",NA,"2023"
"Sources","Male",NA,"2016"
"Sources","Female",NA,"2016"
"Sources","Male",NA,"2017"
"Sources","Female",NA,"2017"
"Sources","Male",NA,"2018"
"Sources","Female",NA,"2018"
"Sources","Male",NA,"2019"
"Sources","Female",NA,"2019"
"Sources","Male",NA,"2021"
"Sources","Female",NA,"2021"
"Sources","Male",NA,"2022"
"Sources","Female",NA,"2022"
"Sources","Male",NA,"2023"
"Sources","Female",NA,"2023"
"KFF estimates based on the 2008-2023 American Community Survey, 1-Year Estimates.","Male",NA,"2016"
"KFF estimates based on the 2008-2023 American Community Survey, 1-Year Estimates.","Female",NA,"2016"
"KFF estimates based on the 2008-2023 American Community Survey, 1-Year Estimates.","Male",NA,"2017"
"KFF estimates based on the 2008-2023 American Community Survey, 1-Year Estimates.","Female",NA,"2017"
"KFF estimates based on the 2008-2023 American Community Survey, 1-Year Estimates.","Male",NA,"2018"
"KFF estimates based on the 2008-2023 American Community Survey, 1-Year Estimates.","Female",NA,"2018"
"KFF estimates based on the 2008-2023 American Community Survey, 1-Year Estimates.","Male",NA,"2019"
"KFF estimates based on the 2008-2023 American Community Survey, 1-Year Estimates.","Female",NA,"2019"
"KFF estimates based on the 2008-2023 American Community Survey, 1-Year Estimates.","Male",NA,"2021"
"KFF estimates based on the 2008-2023 American Community Survey, 1-Year Estimates.","Female",NA,"2021"
"KFF estimates based on the 2008-2023 American Community Survey, 1-Year Estimates.","Male",NA,"2022"
"KFF estimates based on the 2008-2023 American Community Survey, 1-Year Estimates.","Female",NA,"2022"
"KFF estimates based on the 2008-2023 American Community Survey, 1-Year Estimates.","Male",NA,"2023"
"KFF estimates based on the 2008-2023 American Community Survey, 1-Year Estimates.","Female",NA,"2023"
"Footnotes","Male",NA,"2016"
"Footnotes","Female",NA,"2016"
"Footnotes","Male",NA,"2017"
"Footnotes","Female",NA,"2017"
"Footnotes","Male",NA,"2018"
"Footnotes","Female",NA,"2018"
"Footnotes","Male",NA,"2019"
"Footnotes","Female",NA,"2019"
"Footnotes","Male",NA,"2021"
"Footnotes","Female",NA,"2021"
"Footnotes","Male",NA,"2022"
"Footnotes","Female",NA,"2022"
"Footnotes","Male",NA,"2023"
"Footnotes","Female",NA,"2023"
"1. US total excludes Puerto Rico.","Male",NA,"2016"
"1. US total excludes Puerto Rico.","Female",NA,"2016"
"1. US total excludes Puerto Rico.","Male",NA,"2017"
"1. US total excludes Puerto Rico.","Female",NA,"2017"
"1. US total excludes Puerto Rico.","Male",NA,"2018"
"1. US total excludes Puerto Rico.","Female",NA,"2018"
"1. US total excludes Puerto Rico.","Male",NA,"2019"
"1. US total excludes Puerto Rico.","Female",NA,"2019"
"1. US total excludes Puerto Rico.","Male",NA,"2021"
"1. US total excludes Puerto Rico.","Female",NA,"2021"
"1. US total excludes Puerto Rico.","Male",NA,"2022"
"1. US total excludes Puerto Rico.","Female",NA,"2022"
"1. US total excludes Puerto Rico.","Male",NA,"2023"
"1. US total excludes Puerto Rico.","Female",NA,"2023"
